-1.05477345,0.339234471,-1.342677001
-1.077247739,0.340572357,-3.936740135
-1.07863009,0.340759218,-4.009017361
-1.080714226,0.341335595,-4.416534003
-1.082177281,0.34126395,-4.425574638
-1.083341002,0.341240197,-4.552240773
-1.085570097,0.341607481,-4.962580507
-1.086799741,0.341373414,-5.077152015
-1.088123202,0.341727525,-5.355452565
-1.090127587,0.341943413,-5.468948734
-1.091141939,0.341965616,-5.519656178
-1.093075633,0.342384368,-5.593191562
-1.094033837,0.34234944,-5.568639261
-1.095445514,0.342716575,-5.780602707
-1.096750021,0.343050599,-5.910591099
-1.098911524,0.343273103,-5.948506545
-1.10075891,0.343450218,-6.171121774
-1.101596475,0.343515158,-6.47776246
-1.103544474,0.344162524,-6.776608548
-1.104761243,0.344665378,-7.199835259
-1.106720328,0.344431251,-6.638129909
-1.107998133,0.344802409,-7.073439861
-1.110310078,0.345474005,-7.733605142
-1.11183393,0.345231444,-7.655091529
-1.112453341,0.345351219,-7.699690996
-1.115018129,0.345531434,-8.033047472
-1.1160115,0.345863402,-8.137108041
-1.117672563,0.346375674,-8.759283078
-1.119585037,0.346231759,-8.543853969
-1.120823503,0.346494913,-8.681719323
-1.122077346,0.346807331,-8.924757958
-1.124617815,0.347652107,-9.433972649
-1.125836611,0.347672403,-9.34279327
-1.127645612,0.348145157,-9.584130967
-1.129167318,0.348265022,-9.606448236
-1.130546689,0.34847486,-9.700169858
-1.132362604,0.349372149,-10.10426201
-1.133479953,0.34917739,-9.923413714
-1.135016918,0.349345773,-9.971018485
-1.13749969,0.349967211,-10.57666477
-1.138249516,0.350073516,-10.57645139
-1.140195251,0.350502849,-11.12823644
-1.141329885,0.350738466,-10.89179488
-1.142728925,0.351195663,-11.31890222
-1.144640803,0.351613551,-11.27462302
-1.145525813,0.351721913,-11.33444701
-1.14775753,0.352094203,-11.45022224
-1.148410797,0.352444798,-11.63547301
-1.15248239,0.353103787,-12.16974722
-1.170790076,0.358477473,-13.57682269
-1.172437072,0.359178513,-13.62883545
-1.173787475,0.359470457,-13.75831173
-1.175109863,0.359772712,-13.89088942
-1.177038312,0.3603912,-14.12032348
-1.178259492,0.360424966,-14.32703058
-1.181505442,0.361316323,-14.64308273
-1.182290077,0.361560166,-14.7057626
-1.183900356,0.361887336,-15.00691238
-1.185276628,0.362389505,-15.30312221
-1.186642528,0.362901151,-15.17607008
-1.188171983,0.363400429,-15.44375563
-1.18977797,0.363851815,-15.62941028
-1.191075444,0.364428043,-15.80745185
-1.192558765,0.364850432,-16.02567734
-1.193975806,0.365352273,-16.29219788
-1.195890069,0.3656528,-16.34586306
-1.196951509,0.366364688,-16.78989096
-1.198614836,0.367025256,-16.76839671
-1.200090051,0.367313921,-16.81248702
-1.201439738,0.367912203,-17.23652233
-1.202909589,0.368400425,-17.15532547
-1.204795122,0.368798226,-17.26302702
-1.206137538,0.369210362,-17.46419247
-1.207453728,0.369834602,-17.57893113
-1.208718657,0.370346367,-18.05987432
-1.210059404,0.370946974,-18.2089006
-1.211831689,0.371565759,-18.12798211
-1.213309526,0.372046858,-18.28661042
-1.214682102,0.372564584,-18.22591145
-1.216295004,0.37303564,-18.35920609
-1.217444301,0.373601526,-18.59028158
-1.218504906,0.374241799,-18.80979443
-1.220155001,0.374806434,-19.1381482
-1.221856475,0.375116736,-19.03282104
-1.223651171,0.375689536,-19.55186228
-1.224718571,0.376264483,-19.92857722
-1.226600409,0.376877069,-19.87603674
-1.228414655,0.377338886,-20.20408241
-1.229550719,0.37814343,-20.67891723
-1.231268048,0.378513843,-20.54187613
-1.23275423,0.379284292,-20.9582218
-1.233735442,0.379894853,-21.15165365
-1.235408068,0.380452424,-21.50136119
-1.236914158,0.380970001,-21.595976
-1.255263805,0.389424384,-23.05005856
-1.256695271,0.390040755,-23.07157869
-1.258687615,0.391004413,-23.39774612
-1.260367751,0.391638696,-23.74773935
-1.262052536,0.392265648,-23.73623283
-1.263473034,0.393068671,-23.88988592
-1.264752626,0.393826872,-23.97353567
-1.266240716,0.394519866,-24.28639299
-1.268104434,0.395166844,-24.48122324
-1.269422531,0.395969123,-24.70034515
-1.270897388,0.396732479,-25.27445768
-1.273270369,0.397770375,-25.31693783
-1.274118066,0.39827612,-25.27809484
-1.274957776,0.399094522,-25.39669192
-1.277352929,0.400211483,-25.34869777
-1.278486371,0.400822967,-25.45228598
-1.27919066,0.401219815,-25.18896265
-1.280453563,0.401975125,-25.65754471
-1.281563282,0.402768701,-25.77512288
-1.284035802,0.403594971,-25.84763457
-1.286094069,0.404545337,-26.31593921
-1.286845565,0.40499565,-26.39959817
-1.28803432,0.405816227,-26.39665924
-1.289527059,0.406532466,-26.582018
-1.290120363,0.407384902,-26.6162315
-1.291613579,0.408171028,-26.9844828
-1.292940021,0.40900448,-26.98402114
-1.294173241,0.409765452,-27.18708209
-1.295874476,0.410426676,-27.46048322
-1.297326088,0.411297321,-27.8726908
-1.299143195,0.41195333,-27.79859315
-1.300051332,0.412868708,-28.15960639
-1.301758766,0.413719386,-28.25736326
-1.302783251,0.414473951,-28.66272211
-1.304304123,0.415322155,-28.79827923
-1.305692792,0.415989846,-29.110451
-1.306906939,0.416839659,-29.01994274
-1.308500528,0.417502999,-29.41641215
-1.309807777,0.418279201,-29.28298026
-1.313943863,0.420747876,-30.06771396
-1.321512461,0.425929785,-30.85128178
-1.322528601,0.426673859,-30.85734897
-1.324001908,0.427615523,-30.9477635
-1.325240374,0.428303868,-31.06730565
-1.326683879,0.429212689,-31.25579913
-1.328045487,0.429917037,-31.53314981
-1.329644442,0.430862814,-31.66115526
-1.330914617,0.431690693,-31.88546403
-1.33209765,0.432680309,-32.2276535
-1.333580494,0.433464855,-32.39080668
-1.334678411,0.434571236,-32.59005959
-1.335866809,0.435412854,-32.73822159
-1.337794423,0.436798364,-32.75244383
-1.338379025,0.437292069,-32.89816784
-1.339744329,0.438134551,-32.96255495
-1.340955257,0.438857198,-33.17250226
-1.34230268,0.439799339,-33.4549801
-1.34366715,0.440628618,-33.74246061
-1.344926953,0.441518098,-33.83626912
-1.346374273,0.442493528,-33.99301569
-1.347478509,0.443484306,-34.19732945
-1.348689198,0.444357306,-34.37822718
-1.350273252,0.445201427,-34.30463018
-1.351418376,0.4459773,-34.79396072
-1.352517009,0.447023898,-34.82385206
-1.353661299,0.447792977,-34.95578233
-1.354731321,0.44869262,-35.16235297
-1.356052637,0.449735761,-35.2229079
-1.35732317,0.450469345,-35.43512811
-1.358820796,0.451441646,-35.31091232
-1.359626412,0.452566504,-35.43202131
-1.361255527,0.453662664,-35.65102142
-1.361585617,0.454084277,-35.62057646
-1.363630533,0.455716521,-35.97097733
-1.364311814,0.456659645,-36.21541448
-1.365353346,0.457188278,-36.18134321
-1.367197275,0.458768338,-36.42541277
-1.368500113,0.459783852,-36.57562492
-1.36971283,0.460926861,-36.59455353
-1.370280147,0.46139887,-36.58837507
-1.37122333,0.462423623,-36.91073912
-1.37316823,0.463191479,-36.79914995
-1.373826861,0.46421957,-37.36041357
-1.375715613,0.465076298,-37.39400285
-1.376666069,0.466036439,-37.72568461
-1.377382278,0.467115939,-38.23010348
-1.378978252,0.46797061,-38.13900665
-1.379639626,0.468990147,-38.39794458
-1.385807753,0.474027961,-38.98828026
-1.386757374,0.474992096,-39.16306511
-1.388311863,0.476079583,-39.36748318
-1.389327168,0.477151752,-39.8850908
-1.390601039,0.478186876,-39.98637429
-1.391833663,0.479253858,-40.43543504
-1.393498302,0.480429083,-40.44444362
-1.394526839,0.481506646,-40.60700801
-1.396171212,0.482666582,-40.74850692
-1.39675808,0.483729482,-40.96928162
-1.398423195,0.485300809,-41.20115621
-1.398995638,0.485909641,-41.21186409
-1.400341392,0.486805439,-41.29203506
-1.401581526,0.487887502,-41.52450052
-1.402253032,0.489012837,-41.54789443
-1.403312087,0.490011722,-41.65762633
-1.40445745,0.490990877,-41.87259797
-1.405436516,0.492085487,-42.16411949
-1.406737208,0.493134201,-42.28787201
-1.408626199,0.49481228,-42.5291698
-1.409910917,0.495720237,-42.44622949
-1.410215259,0.49690038,-42.82265337
-1.411376834,0.498146951,-42.72755509
-1.412212968,0.499078184,-42.74632103
-1.413043857,0.499664038,-42.86145072
-1.41461575,0.50120163,-43.10275199
-1.415411592,0.501809716,-43.25497737
-1.417095542,0.50350225,-43.75933493
-1.418195724,0.50454855,-43.9625431
-1.41862762,0.505164981,-44.10431691
-1.419812202,0.506415546,-44.25670099
-1.421000957,0.507468879,-44.4353368
-1.422587037,0.508711457,-44.52606026
-1.423974395,0.510507345,-44.85068267
-1.424760222,0.511095703,-44.86620456
-1.425934434,0.512740016,-45.20608722
-1.427381158,0.513804734,-45.1564337
-1.429338813,0.516080081,-45.56261399
-1.429587722,0.516593993,-45.69822292
-1.430625677,0.517818272,-45.88039619
-1.431736469,0.518860817,-45.89277557
-1.432737708,0.520078838,-46.07257947
-1.433826804,0.521124065,-46.13769399
-1.43491137,0.522292137,-46.29915509
-1.435936332,0.523296595,-46.35304587
-1.436895132,0.524449944,-46.50280238
-1.437687039,0.525521994,-46.66612955
-1.438737869,0.526746035,-46.80325355
-1.439710021,0.52783078,-46.88513036
-1.441451669,0.529663146,-46.96455566
-1.4417243,0.530217826,-47.11824563
-1.445253134,0.533956409,-47.57987716
-1.44591701,0.534614682,-47.71241534
-1.44689858,0.535983264,-47.92678517
-1.447931886,0.537126541,-48.07762994
-1.44909358,0.538504541,-48.30804758
-1.449629903,0.539695024,-48.53940608
-1.450648665,0.541033924,-48.73447826
-1.451633096,0.54211545,-48.71919204
-1.452861309,0.543380618,-48.97562137
-1.453838587,0.544525385,-49.32917234
-1.455268264,0.545749903,-49.63689192
-1.456327438,0.547059119,-50.08010104
-1.456950307,0.548274517,-50.32998908
-1.458426476,0.549543917,-50.5123196
-1.458925009,0.550705791,-50.59681794
-1.460233092,0.552015662,-50.70804231
-1.461026549,0.553117156,-50.63788361
-1.461726904,0.554299414,-50.55941221
-1.462387919,0.55554831,-50.69690375
-1.463223696,0.556638956,-50.82329163
-1.464510798,0.55781436,-50.95945706
-1.465632558,0.558980882,-51.43200438
-1.466091752,0.560411274,-51.29208949
-1.468436718,0.563397288,-51.75922248
-1.469684005,0.564195037,-51.96419331
-1.470560789,0.566170275,-51.9278417
-1.472308755,0.567267418,-52.5064262
-1.47250855,0.56868428,-52.25891372
-1.473550439,0.569945335,-52.54552939
-1.47421205,0.571239948,-52.63153332
-1.47490108,0.572589159,-52.92344538
-1.476208448,0.573724151,-53.01188332
-1.47713232,0.575040817,-53.24489189
-1.477836967,0.576346278,-53.40633103
-1.478882551,0.577665269,-53.70086357
-1.479669094,0.578914344,-54.16112648
-1.480813026,0.580066204,-54.15702619
-1.481248617,0.580721438,-54.24463319
-1.482033491,0.582053065,-54.42387553
-1.482940316,0.583345652,-54.42098803
-1.483513713,0.584693968,-54.82036897
-1.484338403,0.585831404,-54.86765815
-1.485941052,0.587229729,-55.26297836
-1.485796094,0.588557184,-54.96826495
-1.486836195,0.58985126,-54.97612459
-1.487737298,0.591055334,-55.0001864
-1.488455653,0.592440605,-55.16022098
-1.489157319,0.593614101,-55.24994139
-1.490149975,0.595023394,-55.62980916
-1.490956903,0.596390069,-55.68250546
-1.492112994,0.597740054,-55.96711642
-1.492640495,0.599125981,-56.30518651
-1.493489623,0.600320101,-56.43799937
-1.494618773,0.601631641,-56.53094639
-1.495197654,0.602898002,-56.75463007
-1.496471882,0.604322493,-56.94478736
-1.497279167,0.605428994,-57.25841582
-1.49830544,0.60684216,-57.87192487
-1.499426603,0.609770358,-57.93083384
-1.499795914,0.610472143,-57.87707833
-1.500665665,0.611740112,-58.0787287
-1.502436876,0.614277065,-58.42255648
-1.502608657,0.614954114,-58.56149324
-1.504047871,0.615975559,-59.11045169
-1.504292846,0.61758101,-58.8256887
-1.504494309,0.618827164,-58.8873554
-1.505959034,0.620177984,-59.33308909
-1.505809784,0.620953441,-59.01876348
-1.507127285,0.623167276,-58.86087885
-1.508272767,0.624243736,-59.52791544
-1.508583426,0.626077414,-59.16259134
-1.509538412,0.627491653,-59.48495283
-1.510061502,0.628966331,-59.71795917
-1.510989189,0.630456805,-59.84816242
-1.512568235,0.631647646,-60.42016781
-1.513196945,0.633260727,-60.59651363
-1.513840675,0.63455832,-60.71737622
-1.514954925,0.63605684,-60.96272729
-1.514708757,0.637501538,-60.69523142
-1.516225696,0.638782978,-61.32557405
-1.516781688,0.64001894,-61.57076878
-1.516366482,0.640923738,-61.29519349
-1.518398285,0.641974509,-61.87402339
-1.518238902,0.643633544,-61.51465248
-1.519406557,0.645037353,-62.33282225
-1.519364834,0.646408677,-61.99585424
-1.521005988,0.647778213,-62.66106777
-1.521730781,0.648868382,-62.76798348
-1.522192478,0.651260257,-62.34083202
-1.522937179,0.651801765,-62.86772037
-1.523418069,0.653702259,-63.0606327
-1.523825645,0.654536426,-63.18272333
-1.52455616,0.655731916,-63.15455562
-1.524829507,0.658160806,-63.01824329
-1.525453448,0.659458756,-63.05473512
-1.526063561,0.66091162,-63.29608212
-1.526758671,0.662184715,-63.50066895
-1.527470827,0.663704515,-63.64528526
-1.528396964,0.665181696,-63.84992644
-1.529477954,0.668266177,-64.31971017
-1.529953122,0.669057369,-64.40768363
-1.530632019,0.670570433,-64.58706014
-1.531277061,0.672072291,-64.84146668
-1.53169775,0.673463523,-64.93796659
-1.532680392,0.674902737,-65.14433489
-1.532760978,0.675526738,-65.10726529
-1.533397079,0.677054465,-65.31363807
-1.535666704,0.681973755,-66.35018901
-1.535936713,0.682705581,-66.41625347
-1.536544681,0.68417269,-66.31180098
-1.536976099,0.685598612,-66.58275323
-1.53739202,0.686947823,-66.52393711
-1.537904978,0.688295364,-66.51959211
-1.538581371,0.68959564,-66.6422771
-1.539177299,0.69097054,-66.77032557
-1.539443851,0.692445695,-66.94914143
-1.540211082,0.693957865,-67.15262118
-1.540769219,0.695381343,-67.26920747
-1.541311979,0.696981668,-67.55667347
-1.541845679,0.698386014,-67.77959349
-1.542550683,0.70000422,-67.77715829
-1.543303132,0.70208174,-68.18286394
-1.54363668,0.702919662,-68.30019491
-1.544145226,0.704238594,-68.57769503
-1.544733524,0.705705822,-68.63768439
-1.54505229,0.707083762,-68.67624603
-1.545302153,0.707991123,-68.81773775
-1.545898676,0.709369302,-68.96991005
-1.546392441,0.710970163,-69.21813636
-1.547196507,0.712363541,-69.3756073
-1.547898769,0.714107037,-69.70330249
-1.548542857,0.716328025,-70.27477432
-1.548702478,0.717000663,-70.40472371
-1.549279809,0.718509793,-70.42010318
-1.550061822,0.720065773,-70.75012495
-1.550398111,0.721632719,-70.79049683
-1.551409006,0.725280583,-70.75806646
-1.551538587,0.725903332,-70.73376821
-1.552092433,0.728231788,-70.75936009
-1.552322626,0.728965163,-70.79156722
-1.552904963,0.730419338,-70.7622843
-1.553190589,0.732011676,-70.86753653
-1.553483486,0.73341018,-70.87312223
-1.554018617,0.73506546,-71.14895265
-1.554573298,0.73648876,-71.19555892
-1.554798365,0.738203049,-71.31830459
-1.555188656,0.739549756,-71.46340782
-1.555704951,0.741334438,-71.72160894
-1.556650162,0.743487477,-72.10879292
-1.557004213,0.744931996,-72.16731439
-1.557213664,0.7455917,-72.26243777
-1.557718396,0.747094035,-72.67823367
-1.558171868,0.74859333,-73.0005113
-1.558396339,0.749975801,-73.26626014
-1.560248971,0.75231266,-73.62236002
-1.560307741,0.753013611,-73.72854184
-1.560856581,0.75449723,-73.91539693
-1.561337233,0.756040692,-74.12437895
-1.56184876,0.757575393,-74.33382
-1.562230587,0.75915879,-74.48805262
-1.56267786,0.760792077,-74.72952517
-1.562958241,0.762265205,-74.84116975
-1.563179731,0.763699353,-74.83798813
-1.563420296,0.765138566,-75.05247506
-1.563602328,0.766684651,-74.99133322
-1.563983083,0.767481089,-74.9228922
-1.564211249,0.768854916,-74.88219455
-1.564695001,0.770355284,-75.04178585
-1.565032005,0.771856427,-75.4408178
-1.565427184,0.773327649,-75.62120333
-1.56552422,0.774888515,-75.76295848
-1.566004157,0.776322365,-75.8997957
-1.56646955,0.778689921,-76.23320318
-1.566554427,0.779369295,-76.2712977
-1.566997886,0.780602455,-76.36188697
-1.56743443,0.783795536,-76.74804968
-1.567734361,0.784719467,-76.99614839
-1.5681566,0.786034703,-77.1733218
-1.568516731,0.787724853,-77.34412692
-1.568662167,0.789250016,-77.55321952
-1.569164872,0.790849507,-77.89322128
-1.56922698,0.792303741,-77.86978565
-1.569649935,0.79391253,-78.14198343
-1.570051432,0.79560703,-78.53134177
-1.570278049,0.796934545,-78.52845982
-1.570536375,0.798523605,-78.63262459
-1.570525289,0.799220741,-78.75917786
-1.570790052,0.80065155,-78.92705469
-1.571016073,0.802434206,-79.01557001
-1.571320176,0.803824306,-79.07879478
-1.571634531,0.805534482,-79.25997911
-1.571963668,0.806952357,-79.4285378
-1.572057962,0.808604121,-79.61751934
-1.572550535,0.810890615,-79.84635822
-1.572788119,0.812490821,-80.16188356
-1.572979331,0.813311517,-80.19403339
-1.573100567,0.814872742,-80.42791419
-1.573125601,0.816321671,-80.51351167
-1.573616743,0.818639576,-80.91498329
-1.573954463,0.820115864,-80.90925426
-1.574096918,0.821585059,-80.92867467
-1.574062467,0.823184192,-81.11090678
-1.574501872,0.824573457,-81.36476233
-1.574802876,0.826211035,-81.68523574
-1.575020671,0.826869726,-81.76883513
-1.57500422,0.828498781,-81.84554788
-1.575188756,0.83079797,-82.22066271
-1.575218916,0.831829131,-82.29481752
-1.575592518,0.833998978,-82.24505561
-1.575387001,0.834946871,-82.25451715
-1.575769663,0.836551011,-82.36523446
-1.575821638,0.837943137,-82.42413946
-1.576077938,0.83962667,-82.56780839
-1.575917244,0.841015399,-82.62141749
-1.576142788,0.843586564,-82.7719709
-1.576030254,0.845116496,-82.86752247
-1.57637763,0.845907211,-82.89058648
-1.576819539,0.850367308,-83.20462712
-1.576767206,0.850999475,-83.23371497
-1.576861262,0.852828503,-83.69803103
-1.57697773,0.853653252,-83.83796853
-1.577231646,0.855334342,-84.2178926
-1.577479243,0.856803775,-84.43518901
-1.577605724,0.858492374,-84.79735934
-1.577471733,0.859884501,-84.72029625
-1.57754755,0.861545146,-84.88263825
-1.577574611,0.863112211,-84.95432254
-1.577770352,0.86465919,-85.02849229
-1.577963233,0.866308451,-85.08030164
-1.578207612,0.86787653,-85.46558986
-1.578206301,0.869427145,-85.71726077
-1.578215837,0.871036887,-86.06537737
-1.578171849,0.872433782,-86.20119911
-1.578444123,0.874071479,-86.32885658
-1.578222513,0.875564218,-86.49897629
-1.578559399,0.877109945,-86.61038504
-1.57844758,0.878575623,-86.6700154
-1.578641653,0.880126238,-86.90769337
-1.578709006,0.881672025,-87.18745168
-1.578471184,0.884840548,-87.48858806
-1.578483701,0.88560015,-87.54883658
-1.578464866,0.887129843,-87.70951687
-1.578425646,0.888727844,-87.73227776
-1.578190923,0.890140653,-87.75778821
-1.578508258,0.89182663,-87.99706411
-1.578540802,0.89320749,-88.07631996
-1.578603387,0.894801199,-88.26084077
-1.578540325,0.896334112,-88.34656888
-1.5784657,0.898077726,-88.63655995
-1.578682303,0.899458289,-88.97164677
-1.578584194,0.901247919,-89.11913794
-1.578619599,0.904707134,-89.64831569
-1.578639865,0.905433357,-89.74846358
-1.578635693,0.907114565,-90.01430715
-1.578738928,0.908620894,-90.05169766
-1.578552008,0.910247386,-90.4297803
-1.578423142,0.911878347,-90.47867646
-1.578287005,0.91347158,-90.555253
-1.578256607,0.914185584,-90.57567762
-1.578111649,0.915826201,-90.79212681
-1.578087568,0.9172616,-90.86160498
-1.578122735,0.918879509,-90.97300248
-1.578126907,0.920311809,-91.10912043
-1.57801652,0.922523201,-91.47785653
-1.577629924,0.926484466,-91.97150121
-1.577539086,0.927691638,-92.0613844
-1.577531457,0.929334819,-92.29349868
-1.577372193,0.930618763,-92.17660803
-1.577145457,0.932144821,-92.24228925
-1.577057838,0.933836162,-92.26843075
-1.576905489,0.935244799,-92.44266735
-1.576965451,0.936760724,-92.45326724
-1.576705337,0.938367665,-92.68725874
-1.576605678,0.940056503,-92.99705293
-1.576568961,0.941509545,-93.13033227
-1.576348543,0.943315089,-93.49001042
-1.576322794,0.944860637,-93.52547554
-1.576084137,0.946627855,-93.66094007
-1.575857282,0.948273599,-93.80438942
-1.575775623,0.949245632,-93.98752057
-1.575638413,0.950800776,-94.24027727
-1.574864984,0.955635667,-94.61149119
-1.574718237,0.956968665,-94.56223044
-1.574597955,0.95842427,-94.55899935
-1.574459434,0.960128009,-94.69161848
-1.574349642,0.961675286,-94.83782536
-1.574157,0.963280857,-95.07606343
-1.57400465,0.964575171,-95.14102407
-1.573613644,0.966061532,-95.39263022
-1.573480725,0.967618287,-95.61592459
-1.57333374,0.968993127,-95.72804962
-1.573171258,0.970451474,-95.71635244
-1.572809339,0.971962392,-95.99331797
-1.572615027,0.973471642,-95.99328197
-1.572505236,0.975002885,-96.05535934
-1.572217226,0.976662695,-96.48205291
-1.572102785,0.978366852,-96.61814839
-1.571886301,0.979939103,-96.75836583
-1.571408272,0.981595099,-97.0853831
-1.571269274,0.983270586,-97.32034057
-1.570871949,0.984764755,-97.71520964
-1.570770741,0.986411273,-97.80901725
-1.570177555,0.988040507,-98.09064911
-1.570036769,0.989660382,-98.2586808
-1.569891095,0.990982115,-98.331197
-1.569623947,0.992550254,-98.60043444
-1.569411397,0.994265079,-98.64601552
-1.569252849,0.995732427,-98.92883414
-1.569074392,0.997236431,-99.03799727
-1.568579674,0.998877406,-99.35077682
-1.568249822,1.000311017,-99.37937218
-1.568030596,1.001979232,-99.52459364
-1.567774892,1.003287196,-99.45806762
-1.567381144,1.005046606,-99.77788137
-1.567234159,1.005675554,-99.84553358
-1.566985846,1.007213235,-99.91633745
-1.566442966,1.008742929,-100.2174193
-1.56605649,1.010113001,-100.5512396
-1.565852284,1.011580467,-100.7077051
-1.565659523,1.012962461,-100.7449941
-1.564920664,1.014692307,-100.9512237
-1.564792395,1.016082168,-100.9986231
-1.564577222,1.017679453,-101.157987
-1.564351916,1.019028544,-101.2583912
-1.56387198,1.021020532,-101.5723167
-1.56365478,1.022365332,-101.6854714
-1.562602162,1.02626121,-102.1900554
-1.562368512,1.027016997,-102.0881077
-1.561869144,1.028432846,-102.3145121
-1.561257005,1.030094743,-102.5705762
-1.56102109,1.031490564,-102.6646483
-1.560790539,1.033099055,-102.6840375
-1.560497165,1.034441829,-102.8424958
-1.559911132,1.035959244,-103.2009436
-1.559673309,1.037533522,-103.3199416
-1.55940032,1.038892269,-103.4490127
-1.558930755,1.040255427,-103.3571176
-1.558478236,1.041937828,-103.6662193
-1.558188081,1.043407559,-103.7073742
-1.557954073,1.044903159,-103.8092237
-1.557048559,1.046377659,-104.240111
-1.556720018,1.04775238,-104.4034712
-1.556425452,1.049216866,-104.4683539
-1.556089282,1.050702691,-104.4742548
-1.555295229,1.052141786,-104.617697
-1.55502975,1.05370605,-104.6854766
-1.554078221,1.056883216,-105.0446336
-1.553992629,1.057626605,-105.0860924
-1.553532839,1.059209108,-105.2200989
-1.552429795,1.061612606,-105.8448475
-1.551983714,1.062992811,-105.8946363
-1.551575541,1.064477801,-105.9381062
-1.551076531,1.066018105,-105.9028632
-1.550405741,1.067562103,-106.080835
-1.549875379,1.069733858,-106.2295291
-1.549710274,1.070485711,-106.2543137
-1.548728228,1.072272897,-106.7206268
-1.548247099,1.074416876,-106.9257983
-1.547929287,1.074970722,-106.9049243
-1.547389746,1.07646966,-107.470025
-1.546998501,1.07789588,-107.4675768
-1.546420932,1.079254031,-107.3495096
-1.546015263,1.080606103,-107.44805
-1.544839382,1.082727551,-107.902465
-1.544694781,1.083526969,-107.9366509
-1.544246197,1.08500874,-107.8982639
-1.543845415,1.086345196,-108.0095588
-1.543147445,1.087925076,-108.3259356
-1.542820692,1.089416385,-108.4374476
-1.542319179,1.091164947,-108.4419379
-1.541416645,1.092746139,-109.1576548
-1.540950179,1.094144464,-109.4170909
-1.540646076,1.095834732,-109.6134776
-1.53980279,1.097358823,-109.8783447
-1.539349556,1.098882914,-110.0020562
-1.538957119,1.100191712,-110.0947424
-1.538490772,1.101057291,-110.3847606
-1.537609696,1.102444291,-110.806497
-1.537012815,1.104611754,-110.8447931
-1.536544561,1.105947614,-110.8524226
-1.535738707,1.107539535,-111.1068359
-1.535187244,1.109456182,-111.0266835
-1.534017205,1.11034894,-111.4089733
-1.53363359,1.11217916,-111.3297985
-1.532918453,1.113658547,-111.6707562
-1.532585382,1.11506176,-111.6429457
-1.531979203,1.116348267,-111.6613357
-1.531595945,1.11739099,-111.4213412
-1.530238509,1.119134784,-112.1074453
-1.529637814,1.119957685,-112.1780095
-1.529149175,1.121877789,-111.9757337
-1.528470516,1.123374462,-112.2242872
-1.528271198,1.124171615,-112.3348627
-1.527884364,1.125524163,-112.4360886
-1.52696228,1.126983166,-112.9602609
-1.526044369,1.128487229,-113.1957643
-1.525604129,1.129990578,-113.2879057
-1.524943352,1.131438494,-113.34046
-1.524475336,1.133184195,-113.5097012
-1.523040295,1.135286331,-114.0848182
-1.522791743,1.13599205,-114.2205335
-1.522298813,1.137296438,-114.2530152
-1.521570921,1.138922453,-114.6105742
-1.521721125,1.139809847,-114.0239346
-1.520872951,1.141206264,-114.5351911
-1.519162655,1.143499374,-115.284524
-1.518944383,1.144174099,-115.2970275
-1.518539429,1.145750523,-114.8572692
-1.517839313,1.147197127,-114.8667797
-1.516286373,1.148773074,-115.7933621
-1.515698791,1.150035501,-115.8011203
-1.515203595,1.151190162,-115.7867541
-1.514512062,1.152767539,-115.8037853
-1.514010906,1.153460264,-115.9869646
-1.514002919,1.154478192,-115.5841939
-1.512338877,1.155839562,-116.3001565
-1.512355804,1.157314301,-115.628624
-1.510817528,1.159050465,-116.4213303
-1.510290623,1.160839319,-116.2180114
-1.509658456,1.16215694,-116.1080683
-1.507977962,1.16409409,-117.1142658
-1.506885529,1.165892839,-117.0223636
-1.507120609,1.166415215,-116.6446564
-1.505286336,1.168195963,-117.6608823
-1.504638314,1.169520497,-117.5982206
-1.504003882,1.170558214,-117.5619047
-1.503426075,1.172144413,-117.5473868
-1.503213525,1.173401833,-117.3639012
-1.501564145,1.175123572,-118.4317961
-1.50107336,1.176500916,-118.5786318
-1.501006007,1.177769423,-118.3244594
-1.499206781,1.179359198,-119.5892076
-1.498573661,1.180628777,-119.6418378
-1.497909427,1.18188107,-119.6246469
-1.497753263,1.183148742,-119.2377541
-1.496816278,1.184386253,-119.4101134
-1.495215416,1.185943365,-120.0521524
-1.495087862,1.186712384,-119.5042679
-1.494528294,1.188091278,-119.3622809
-1.493711472,1.189261913,-119.5831871
-1.491984963,1.191926956,-119.7316737
-1.491984963,1.191926956,-119.7316737
-1.490341067,1.193681836,-120.6233301
-1.490367055,1.194647908,-120.0790829
-1.489261866,1.195986986,-120.4664176
-1.488619208,1.197285533,-120.4775937
-1.487002015,1.199258327,-121.4237734
-1.486839056,1.199902534,-120.8922167
-1.485226393,1.201384544,-121.9335428
-1.484986067,1.202447653,-121.4196333
-1.484088182,1.203935266,-121.5636566
-1.483330011,1.205106139,-121.4810545
-1.481686473,1.206436634,-122.4366211
-1.48155117,1.207742691,-121.9471328
-1.480807185,1.20910418,-122.1837797
-1.478453279,1.212218046,-122.5922745
-1.477867126,1.212850571,-122.7263539
-1.476985812,1.214169741,-122.9925128
-1.475951433,1.216161013,-122.978161
-1.475366473,1.21690309,-123.2647242
-1.474189281,1.218001366,-123.3259279
-1.473353148,1.219086289,-123.4543958
-1.472619772,1.220324993,-123.4993541
-1.471882224,1.2215451,-123.5564585
-1.470772028,1.22271204,-123.6912016
-1.469946265,1.223987937,-123.7890328
-1.468704104,1.225243568,-124.0242234
-1.467912436,1.226649761,-124.1497657
-1.467125535,1.227987409,-124.3436709
-1.465992451,1.229295015,-124.7130335
-1.465021491,1.230539203,-124.9885981
-1.463969946,1.231776595,-125.2853116
-1.463119507,1.233079433,-125.1585937
-1.46225369,1.234250069,-125.4432006
-1.461416841,1.23550868,-125.6757852
-1.460259795,1.236655235,-125.8427264
-1.459168792,1.237861633,-125.9659923
-1.458360553,1.23916471,-125.9329377
-1.457873106,1.239827037,-126.1274002
-1.456430078,1.241662383,-126.4587641
-1.455452919,1.242926121,-126.8556881
-1.454488873,1.244025946,-126.9932487
-1.453421712,1.245229721,-127.1878593
-1.452718616,1.246235013,-127.0794399
-1.451691508,1.247557282,-127.4134372
-1.45071888,1.248557806,-127.3159187
-1.449476719,1.249644995,-127.3194099
-1.448375106,1.250882983,-127.4643417
-1.447615743,1.252123475,-127.3935191
-1.44652009,1.253458142,-127.5719472
-1.445274234,1.254666924,-127.7654504
-1.444283962,1.256037712,-128.0269958
-1.443210721,1.257425308,-128.5603297
-1.442066073,1.258527637,-128.4594433
-1.440904975,1.259791255,-128.5661553
-1.439899087,1.260957003,-128.7849104
-1.438975215,1.262202144,-129.0155274
-1.438261151,1.26288867,-129.134997
-1.437210917,1.264028668,-129.3764903
-1.43612361,1.265241146,-129.6652521
-1.435253382,1.26622045,-129.5948718
-1.434255004,1.267600656,-129.9725041
-1.431690931,1.270434499,-130.4567245
-1.43093884,1.270867467,-130.4038753
-1.429264784,1.272660255,-130.8112146
-1.428789496,1.27313447,-130.8978146
-1.428138733,1.274425387,-130.8859076
-1.426727176,1.275362253,-130.8691183
-1.424690843,1.277542472,-131.2662303
-1.423653603,1.278501511,-131.2354794
-1.422297835,1.279590249,-131.7334305
-1.421366811,1.280637741,-131.463875
-1.420385957,1.281859517,-131.7776965
-1.41941452,1.28294754,-131.9454649
-1.417970181,1.283930421,-132.0931881
-1.415334225,1.28697288,-132.7715645
-1.414780736,1.287575603,-132.9326339
-1.413504124,1.288824439,-133.1797266
-1.412502766,1.289906859,-133.2245615
-1.41085422,1.291638732,-133.6573379
-1.41018188,1.292120814,-133.7138497
-1.408372402,1.293752551,-134.0261341
-1.406930685,1.295413494,-134.2941802
-1.40559864,1.296432376,-134.418564
-1.404340744,1.297424555,-134.6042547
-1.403800249,1.298046827,-134.8199114
-1.402555823,1.299551845,-134.8285834
-1.402019143,1.300188899,-135.01079
-1.400336385,1.301076531,-135.0494137
-1.39893651,1.302821994,-135.3509754
-1.397907853,1.303674579,-135.3701615
-1.396580458,1.304785013,-135.6623788
-1.395931125,1.305223942,-135.5524863
-1.394811034,1.306167126,-135.6647065
-1.393716097,1.307261467,-136.0008852
-1.392789125,1.308363557,-136.0629087
-1.391265512,1.309385657,-136.114472
-1.390216708,1.310483932,-136.3154762
-1.389083385,1.311712027,-136.5955164
-1.387796521,1.312482834,-136.5692538
-1.386461854,1.313421488,-136.7717623
-1.385020852,1.315024614,-137.0617228
-1.384576201,1.315428972,-137.1888799
-1.383871436,1.316724062,-137.669809
-1.38182056,1.317367077,-137.4956997
-1.380847454,1.318679452,-137.7947909
-1.37970531,1.319542408,-138.0136919
-1.378177404,1.320674777,-138.3419074
-1.377184272,1.321758509,-138.191665
-1.376143217,1.322957754,-138.6135997
-1.374729156,1.323877692,-138.88394
-1.37358427,1.325111151,-139.3699479
-1.372485995,1.326321959,-139.7084597
-1.369761109,1.327962041,-139.8185911
-1.369047523,1.328376532,-139.7947436
-1.367795229,1.329411387,-139.9544751
-1.366352558,1.330227613,-139.6893064
-1.365926623,1.331453204,-140.055543
-1.364308715,1.332324624,-140.1610159
-1.362446904,1.332789063,-139.8420596
-1.361940145,1.334163427,-140.2790022
-1.36046946,1.334825516,-139.8401008
-1.359761,1.335918784,-140.0882852
-1.35783875,1.336894989,-140.1887117
-1.356607914,1.337685943,-140.3152104
-1.355674028,1.338926554,-140.7400177
-1.355497837,1.339314342,-140.801436
-1.354107738,1.340134978,-140.9610742
-1.351729155,1.341348171,-141.0814057
-1.351314664,1.341937542,-141.3162453
-1.349266052,1.343397141,-141.6375294
-1.348723412,1.343832374,-141.7294332
-1.346454382,1.345100999,-141.9469731
-1.345729709,1.346284509,-142.3881387
-1.344140053,1.347067237,-142.4834966
-1.34340024,1.347543001,-142.5568486
-1.341479897,1.349171996,-143.0147776
-1.340289235,1.350178123,-143.3292125
-1.33909297,1.351038337,-143.5011704
-1.337478399,1.351820827,-143.6292746
-1.336178184,1.352619171,-143.8390066
-1.335026622,1.353382468,-143.7794142
-1.334171414,1.354415298,-143.983709
-1.332351089,1.355117202,-144.0051699
-1.32932198,1.357331038,-144.2943569
-1.328672409,1.357714176,-144.3086969
-1.327398419,1.358559728,-144.4357675
-1.325930476,1.359370589,-144.6118443
-1.324604273,1.360156775,-144.9027935
-1.323488951,1.361082435,-145.179386
-1.320673943,1.362792492,-145.4276338
-1.320121884,1.363132358,-145.5046942
-1.319058061,1.364055037,-145.5726095
-1.31780529,1.364939332,-145.7962818
-1.31603837,1.365615249,-146.0333508
-1.314833403,1.366666675,-146.3170985
-1.31344223,1.367542624,-146.538909
-1.312187672,1.368470073,-146.9268463
-1.310755968,1.369262576,-147.0665106
-1.309166908,1.370089889,-147.245659
-1.308067679,1.370758653,-147.281723
-1.305863738,1.371989131,-147.4955471
-1.305229068,1.372395396,-147.6192459
-1.304123878,1.373022914,-147.6852323
-1.302818537,1.373790979,-147.7502242
-1.2994982,1.376032829,-148.3305011
-1.2994982,1.376032829,-148.3305011
-1.297222495,1.37717092,-148.5407765
-1.296682239,1.377446771,-148.6201501
-1.295207024,1.378359437,-148.8952443
-1.293792605,1.379035473,-148.9363939
-1.292338967,1.379914999,-149.3389661
-1.290991545,1.380486846,-149.5675889
-1.289538503,1.381194115,-149.7148605
-1.288647056,1.382199407,-149.8609446
-1.286967039,1.382754445,-149.9058825
-1.285390377,1.383554339,-150.0666518
-1.284239888,1.384292126,-150.1133654
-1.283178449,1.385117888,-150.2708135
-1.281345129,1.38579309,-150.5370134
-1.280054688,1.386643052,-150.6252538
-1.278592825,1.387311101,-150.8373688
-1.277266741,1.388087511,-151.0345062
-1.275777817,1.388831258,-151.265589
-1.274327755,1.389355302,-151.3060429
-1.27313602,1.389937043,-151.2177143
-1.271681428,1.390792847,-151.3019444
-1.27026403,1.391272068,-151.3055336
-1.268863559,1.391876101,-151.2583074
-1.266444802,1.3931005,-151.6612482
-1.26594913,1.393278003,-151.6470971
-1.264430404,1.39386189,-151.8807032
-1.262684584,1.394644022,-152.1032503
-1.261536002,1.395168066,-151.9948257
-1.26003468,1.395931244,-152.2285125
-1.258714199,1.396525621,-152.2802706
-1.257563949,1.397494316,-152.5867399
-1.255951643,1.39814043,-152.889872
-1.254698157,1.398863554,-153.0716355
-1.253291249,1.399537921,-153.5223947
-1.252094388,1.400086761,-153.7481179
-1.250010371,1.400830507,-154.1330364
-1.247508049,1.401855707,-154.0122842
-1.246767282,1.402253032,-154.0968709
-1.244558811,1.403392196,-154.2401701
-1.243715763,1.403645754,-154.3108189
-1.242271423,1.404267192,-154.4840579
-1.24077642,1.404947996,-154.7142978
-1.239447355,1.405578256,-155.0242574
-1.237894535,1.406119704,-155.3086521
-1.236044407,1.406855702,-155.6114366
-1.234967709,1.407253742,-155.4845589
-1.233780026,1.407790303,-155.5561439
-1.232339859,1.408393145,-155.6460054
-1.230737209,1.409139276,-155.9246012
-1.230265737,1.409358621,-155.8665981
-1.227808237,1.410213828,-156.1352698
-1.227282166,1.41059649,-156.2818172
-1.225024819,1.411190987,-156.4585447
-1.223089576,1.412225246,-156.9396042
-1.221244931,1.412722945,-157.0764853
-1.220086336,1.41322732,-157.09714
-1.218809366,1.413812876,-157.228395
-1.216835022,1.414271951,-157.6179494
-1.216025949,1.414434671,-157.7774001
-1.21506381,1.415191174,-157.7375711
-1.213471413,1.415684462,-157.9494572
-1.210460663,1.417084217,-158.52169
-1.209664941,1.417401552,-158.8701769
-1.208118916,1.417964578,-158.999124
-1.206457496,1.418390989,-159.3516255
-1.204889894,1.419089556,-159.5833168
-1.20366931,1.419637322,-159.659481
-1.202391267,1.420228839,-159.7293235
-1.200109959,1.42050302,-160.112641
-1.198835969,1.420902371,-159.9348446
-1.196917892,1.421289682,-160.2984074
-1.195728779,1.42179358,-160.1090907
-1.194347858,1.422284722,-160.1926972
-1.193076849,1.422869205,-160.0967844
-1.191679716,1.423384786,-160.3473728
-1.190980196,1.423580527,-160.5070229
-1.18922627,1.423909545,-160.9233839
-1.187805772,1.42460525,-161.1043027
-1.186477184,1.424957633,-161.2108543
-1.185451031,1.425242424,-161.1744533
-1.183795094,1.425720692,-161.2892541
-1.182214379,1.426154137,-161.5936538
-1.180695653,1.426747799,-161.6516144
-1.179102898,1.427046418,-161.904433
-1.178227544,1.42750895,-161.7683658
-1.177141786,1.428007007,-161.9383472
-1.175147176,1.428411245,-162.2574495
-1.173266888,1.42901957,-162.7641138
-1.172238231,1.429251909,-162.7711872
-1.17027092,1.429679155,-163.1062906
-1.168597698,1.430092335,-163.0686258
-1.167293668,1.430626869,-163.0726285
-1.165209293,1.43116188,-163.3775523
-1.163938642,1.431521416,-163.4693924
-1.162281394,1.431941152,-163.8355635
-1.1607306,1.43210578,-163.7138243
-1.159199834,1.432489753,-164.0226631
-1.157472849,1.432764649,-163.9933846
-1.156228065,1.433143735,-163.9523448
-1.154442549,1.433620334,-164.0172251
-1.151640415,1.434355855,-164.5172488
-1.151640415,1.434355855,-164.5172488
-1.149744391,1.434592962,-164.8831532
-1.148571849,1.435023069,-164.9924896
-1.147097111,1.435304165,-165.092924
-1.14587903,1.435586691,-165.1436125
-1.144586802,1.436048388,-165.2502664
-1.1428895,1.436303496,-165.2476618
-1.141085267,1.436516166,-165.4844291
-1.137677073,1.437532663,-165.8700013
-1.136516809,1.437570333,-165.9835803
-1.135192394,1.437997699,-166.3971232
-1.133579373,1.438350558,-166.5244544
-1.131733775,1.4387604,-166.9704761
-1.130366325,1.439032912,-167.2040304
-1.128627419,1.439272523,-167.281432
-1.127447367,1.439774156,-167.4559311
-1.125731349,1.43981719,-167.6312966
-1.1242553,1.44020772,-167.7223372
-1.1226089,1.440611362,-168.0397815
-1.12058866,1.440783501,-168.341967
-1.119430065,1.441158772,-168.552626
-1.117998481,1.441578746,-168.729627
-1.115648746,1.441843033,-169.2227923
-1.114463091,1.44197154,-169.2428861
-1.11331439,1.44230175,-169.2365692
-1.111595869,1.442357421,-169.2978771
-1.110293388,1.442580342,-169.1851562
-1.108572364,1.442951679,-169.4864985
-1.10671711,1.443087101,-169.8414271
-1.105783463,1.443337321,-169.6931251
-1.104439735,1.443585038,-169.7271171
-1.10271132,1.443652868,-169.9799241
-1.101255059,1.443993807,-170.0781154
-1.099826813,1.444277287,-170.027162
-1.098250747,1.444547176,-170.2625142
-1.095986485,1.444581389,-170.7130926
-1.09493494,1.444938183,-170.753038
-1.092974544,1.445106149,-171.1882148
-1.092307568,1.445187449,-171.1372311
-1.090829492,1.44547534,-171.3831093
-1.089153647,1.445439458,-171.6027155
-1.087761045,1.44567275,-171.483698
-1.086334229,1.445892215,-171.531755
-1.084268332,1.446086884,-171.9268306
-1.08297956,1.446188211,-171.9682604
-1.081668854,1.446428537,-172.1449117
-1.07980895,1.446402669,-172.3527639
-1.078545332,1.446743846,-172.5906144
-1.076198697,1.447095037,-173.1459177
-1.075477958,1.446925282,-172.8243384
-1.074064374,1.447274446,-173.0800044
-1.072656274,1.4473598,-173.1556843
-1.070607781,1.447589755,-173.5917813
-1.069235086,1.447882295,-173.6630183
-1.066963911,1.4477911,-173.902168
-1.066431999,1.447826743,-173.9031065
-1.064094067,1.448238492,-174.191549
-1.062616825,1.448110461,-174.0973786
-1.060869336,1.448266029,-174.0879886
-1.059244514,1.448403001,-174.2150878
-1.057425141,1.448500752,-174.4721653
-1.056910038,1.448567271,-174.5282926
-1.054267645,1.448553562,-174.7949949
-1.05328548,1.448604345,-175.0807064
-1.051903844,1.448726773,-175.0689761
-1.050376534,1.448925614,-175.2091338
-1.047798991,1.448779464,-175.2869576
-1.047161937,1.448939562,-175.3673009
-1.044582725,1.448878527,-175.6876517
-1.042997718,1.449175596,-175.9407586
-1.04154408,1.449195027,-176.1025556
-1.039993048,1.449276686,-176.4798849
-1.03911984,1.449228048,-176.5933472
-1.037501216,1.449333787,-176.8738716
-1.036354065,1.449452996,-177.0268058
-1.034577489,1.449551702,-177.2935298
-1.032416344,1.449307323,-177.4817938
-1.031482577,1.44935143,-177.6444086
-1.03022635,1.449319363,-177.4943359
-1.027946115,1.449354649,-177.4673964
-1.02616334,1.449293494,-177.6481699
-1.025541186,1.449348211,-177.6585328
-1.023733139,1.449372292,-177.8733996
-1.021313667,1.449530125,-178.4218761
-1.020804882,1.449588418,-178.4696285
-1.018887877,1.449574828,-178.8752411
-1.017332673,1.449572563,-179.0034027
-1.014587402,1.44959271,-179.381318
-1.013952851,1.449613452,-179.375831
-1.012218833,1.449538469,-179.7512943
-1.010211945,1.449482441,-179.823569
-1.008560061,1.44944191,179.9885119
-1.006697774,1.449300408,179.8476215
-1.004342318,1.449202061,179.593258
-1.003773928,1.449179292,179.6248654
-1.002355218,1.449192047,179.6360199
-1.000802994,1.449142218,179.5057723
-0.999176741,1.449076653,179.2160709
-0.997125983,1.449040174,178.9756274
-0.996393919,1.448898315,178.9131069
-0.994717658,1.448782444,178.6790995
-0.992587149,1.448659658,178.4112625
-0.991808474,1.448611498,178.512684
-0.990284026,1.448516369,178.3737099
-0.988742173,1.448422432,178.2060103
-0.98733443,1.448361158,178.1261361
-0.985664964,1.448246598,177.9679392
-0.984133124,1.448090672,177.8201894
-0.982599318,1.4480865,177.5926855
-0.98118633,1.447975993,177.4457102
-0.979447961,1.44772172,177.3343328
-0.978628218,1.447720528,177.180896
-0.977136016,1.447581172,177.1637502
-0.974211574,1.447430491,176.6271101
-0.97279942,1.447354078,176.5086026
-0.970401347,1.447238207,176.0840548
-0.969289005,1.447089314,175.8854952
-0.968598247,1.446977019,175.7502648
-0.964414597,1.446503043,175.3834097
-0.963283718,1.446407795,175.1953896
-0.962107003,1.446377635,175.2003238
-0.959502339,1.445989847,174.9516679
-0.95895344,1.445975065,174.8974086
-0.957554102,1.445787787,174.8094718
-0.956147254,1.445582628,174.7957311
-0.954884887,1.445398092,174.7091706
-0.952577829,1.445047021,174.5486199
-0.951592624,1.444898009,174.4366733
-0.950060427,1.44474721,174.2678542
-0.948696852,1.444535613,174.3309615
-0.947009921,1.444348931,174.1042227
-0.945428431,1.444021463,174.0252656
-0.943760157,1.443843126,173.7725331
-0.942269146,1.443748116,173.5964249
-0.94057852,1.443444729,173.3431594
-0.938886642,1.443080425,173.1564583
-0.937368393,1.44282949,173.060701
-0.936507523,1.442649603,172.8620149
-0.935086906,1.442389727,172.7377889
-0.933327615,1.442125082,172.6277314
-0.93185395,1.441861749,172.5051817
-0.930115581,1.44155395,172.4194273
-0.928624809,1.44142735,172.2100045
-0.926885664,1.441189647,171.8466412
-0.925285697,1.441056967,171.4623678
-0.922980785,1.440610051,170.9585425
-0.922344387,1.440532804,170.9452681
-0.920590997,1.440224051,170.6603037
-0.919150352,1.439819336,170.6481358
-0.91782254,1.439460278,170.6125159
-0.916408002,1.439201474,170.637719
-0.914562464,1.438879848,170.5008268
-0.91090554,1.438032866,170.3606333
-0.910419822,1.437972307,170.350347
-0.908851326,1.437576294,170.149139
-0.907318652,1.437321901,169.9484958
-0.90586406,1.43698132,169.8257619
-0.903577209,1.436661482,169.3179653
-0.902619183,1.436449766,169.2593406
-0.901274979,1.436131001,169.001018
-0.899666429,1.436341405,168.7103811
-0.897962034,1.435924172,168.4828452
-0.89664948,1.435588956,168.4206921
-0.894987822,1.435207605,168.3230383
-0.89357233,1.434730649,168.2519152
-0.891885877,1.434403419,168.0461773
-0.890652478,1.434072018,168.0661331
-0.888753831,1.433652878,167.6473204
-0.88730514,1.433335423,167.4286617
-0.885873497,1.432928443,167.2298868
-0.883571327,1.432398915,167.0161257
-0.882834196,1.43221736,166.9177692
-0.881534934,1.431904316,166.8086741
-0.879638612,1.431398749,166.6023172
-0.877499938,1.430814505,166.2187873
-0.876643598,1.430564404,166.1778467
-0.875408232,1.430182576,166.0692376
-0.874017894,1.429710865,165.9540869
-0.872502446,1.429255724,165.983918
-0.871099472,1.428811312,165.888009
-0.8694942,1.428242922,165.7988692
-0.867736757,1.427985549,165.6279736
-0.866393387,1.427432418,165.4450663
-0.864650428,1.427053809,165.2801819
-0.863348424,1.426741004,165.1120912
-0.861486375,1.426244497,164.6526806
-0.860312819,1.425861835,164.4967622
-0.859032571,1.425305605,164.3248913
-0.857453704,1.424955487,164.012719
-0.856180549,1.42440629,164.0160049
-0.852014005,1.423206568,163.4245466
-0.852014005,1.423206568,163.4245466
-0.850099444,1.422664523,163.3064908
-0.849008799,1.422231793,163.0931628
-0.847745359,1.421906114,162.7912367
-0.846187055,1.421614408,162.6467668
-0.844804227,1.420967102,162.3447957
-0.843429148,1.420431137,162.215402
-0.84188813,1.419865131,162.1734739
-0.840826273,1.419337392,162.2009217
-0.839022756,1.418674827,162.2104238
-0.837887049,1.418234468,162.2699334
-0.836242378,1.417614102,162.1365898
-0.834980845,1.417144299,162.2574528
-0.832990229,1.416529775,161.8355693
-0.831653774,1.415989637,161.6033368
-0.829946697,1.415391803,161.2289147
-0.828504026,1.414777875,161.1606318
-0.827616394,1.414480448,161.0875521
-0.825922012,1.413879871,160.9180735
-0.824451447,1.413405538,160.88801
-0.823043585,1.412804127,160.5898468
-0.821631551,1.412231803,160.4979794
-0.819654584,1.411439896,160.1323283
-0.818783104,1.411279202,159.9844776
-0.817215502,1.410638571,159.6851931
-0.814956367,1.409982204,159.6246278
-0.81437701,1.409601212,159.3978386
-0.813093245,1.409042358,159.2713034
-0.811553836,1.40828526,159.1030084
-0.810290337,1.407788515,159.026399
-0.808512151,1.407179356,158.8373839
-0.807388127,1.406572342,158.8783251
-0.805658579,1.406007886,158.6422429
-0.804578125,1.405375361,158.6124114
-0.802908897,1.404764652,158.3509524
-0.801782012,1.404222369,158.2138361
-0.799988568,1.403482676,158.0015532
-0.798945606,1.402973413,157.875366
-0.797252178,1.402161241,157.7366903
-0.793776512,1.400662899,157.6047183
-0.793776512,1.400662899,157.6047183
-0.791716218,1.399712801,157.3757685
-0.790248394,1.399061799,157.1534127
-0.787816346,1.398050547,156.7122223
-0.787241697,1.397836089,156.6002397
-0.785960197,1.397016764,156.2293305
-0.784452021,1.396396279,156.1977578
-0.782984734,1.39572227,155.9769675
-0.781625032,1.395050049,155.9333135
-0.780212283,1.394444466,155.6488275
-0.778712213,1.39386344,155.539564
-0.777408719,1.393044233,155.2189816
-0.77584368,1.392443061,155.1161948
-0.774628222,1.391528606,154.7388004
-0.77312696,1.390984654,154.6647354
-0.772419095,1.390518069,154.6237827
-0.77141428,1.389977336,154.6208706
-0.7698282,1.38917613,154.5087317
-0.76509726,1.386750221,153.982676
-0.76428318,1.386393547,153.9006618
-0.76320982,1.385620952,153.7684169
-0.761638343,1.384840965,153.5533281
-0.760193229,1.384034872,153.3344431
-0.759551525,1.383710027,153.3261124
-0.757327855,1.382691264,153.095572
-0.75695473,1.382281542,152.9633342
-0.755223811,1.381570458,152.8667825
-0.753586173,1.380411148,152.5242577
-0.751909912,1.379512548,152.286346
-0.751333594,1.379140854,152.2940166
-0.749733329,1.378307104,151.9342105
-0.74854511,1.377741098,152.0325305
-0.746795654,1.376989126,151.7740509
-0.745502353,1.376350522,151.5965998
-0.743405282,1.37523365,151.100739
-0.742062688,1.374410152,150.594952
-0.739881098,1.373043776,150.1046095
-0.739397228,1.372573853,150.1608452
-0.737740874,1.371652842,150.0219019
-0.737092733,1.370968223,150.1913972
-0.735463858,1.369912744,149.9379271
-0.734550595,1.369237423,150.2323784
-0.733214796,1.368358493,150.1209466
-0.731786072,1.367626071,150.2505788
-0.73055476,1.366843939,150.2070157
-0.728807092,1.365874767,150.0867394
-0.72777915,1.365095258,149.8542534
-0.726097941,1.363973498,149.5317578
-0.725135982,1.363345146,149.5330454
-0.723434985,1.362318635,149.2713121
-0.722419441,1.361557007,149.1434807
-0.721195757,1.360880136,149.104233
-0.719623148,1.359843731,148.7673435
-0.718662798,1.359229445,148.8357283
-0.717161357,1.358351469,148.370589
-0.715923369,1.357491016,148.4111674
-0.715136945,1.35704267,148.2169691
-0.714017272,1.356239319,148.1058605
-0.712614,1.355300307,147.9227753
-0.711165667,1.354467988,147.7769437
-0.709365845,1.353185654,147.7572124
-0.708010137,1.352169275,147.486053
-0.707564652,1.35176754,147.5139495
-0.705957472,1.350885987,147.2777295
-0.70468545,1.349937916,146.9771926
-0.703373432,1.349017382,146.6005073
-0.70160526,1.347724438,146.5865457
-0.701115072,1.347398043,146.4908087
-0.699617684,1.346333504,146.4324413
-0.698510051,1.345508814,146.2913296
-0.697122335,1.344844341,146.2360442
-0.695779324,1.343962789,145.917818
-0.694608152,1.342756867,145.5578593
-0.693536937,1.342085004,145.2641053
-0.691931307,1.341207266,145.2290548
-0.690546215,1.339794397,145.001696
-0.689540982,1.339214325,144.8346841
-0.688589811,1.338225961,144.9304022
-0.687382519,1.337286711,144.7620917
-0.68606931,1.336341739,144.4374484
-0.684985757,1.335417867,144.4595425
-0.683351696,1.334305286,144.0649426
-0.682329535,1.333498955,144.0008447
-0.680820525,1.332742691,143.6507738
-0.67950356,1.331652164,143.2856494
-0.67833221,1.330645204,143.2550068
-0.676887155,1.329658151,143.0826693
-0.676083505,1.328685045,142.6917174
-0.674772084,1.327784538,142.787814
-0.673650205,1.326708436,142.537678
-0.672273457,1.325766444,142.6341048
-0.671368539,1.324685693,142.3572975
-0.669788241,1.323666692,142.1484339
-0.668880403,1.322693348,142.3025171
-0.667344391,1.321770787,142.1143685
-0.666038513,1.32070744,141.8902551
-0.665044963,1.319711328,141.6060323
-0.66361165,1.318775892,141.347225
-0.662567079,1.317680359,141.0118809
-0.661307871,1.316739321,140.8967402
-0.6597206,1.315298676,140.8008612
-0.659306943,1.314602852,140.5685399
-0.657968104,1.313741207,140.6535226
-0.656937897,1.312656403,140.4184811
-0.655685484,1.311698556,140.4198186
-0.654540062,1.310656905,140.0753162
-0.653193057,1.309809327,140.0328659
-0.652160347,1.308811069,139.7946266
-0.650899291,1.30755806,139.3446038
-0.650191963,1.307262778,139.4453181
-0.649063349,1.306037664,139.0313348
-0.647639155,1.305052042,139.0818661
-0.645939708,1.303196907,139.0710446
-0.643415451,1.300480127,138.7369087
-0.643415451,1.300480127,138.7369087
-0.642199695,1.299302697,138.6280652
-0.641197562,1.298244357,138.6808184
-0.63984561,1.297160268,138.7575911
-0.6390028,1.295740008,138.4230101
-0.638042808,1.294890404,138.4973374
-0.636815965,1.293769121,138.3525186
-0.635728955,1.292713642,138.2253851
-0.634346604,1.291781902,138.2630939
-0.632726967,1.290199041,137.6955747
-0.631998301,1.289598227,137.4301435
-0.631176889,1.288523555,137.1006453
-0.630067766,1.287366271,136.8946262
-0.628225088,1.285716772,136.7586116
-0.624998987,1.28254354,136.51968
-0.624998987,1.28254354,136.51968
-0.623377383,1.280774355,135.9671704
-0.622034013,1.279705644,135.6776497
-0.620899618,1.278598905,135.4315925
-0.619774103,1.277348876,135.2043211
-0.61934042,1.276810288,135.1308158
-0.617893875,1.274984956,134.9096249
-0.617212296,1.274323821,134.8299868
-0.616099179,1.273286104,134.9843675
-0.615134418,1.272234082,134.8593711
-0.614126503,1.270917058,134.618764
-0.61307013,1.269846559,134.4191423
-0.612039566,1.268706799,134.2297877
-0.610931754,1.267521739,133.9917522
-0.60985136,1.266521454,133.9405064
-0.608862817,1.265359759,133.7347801
-0.60735631,1.26356554,133.6007089
-0.605880499,1.261765242,133.3623401
-0.605539262,1.261194587,133.256142
-0.60462904,1.260045528,133.0635013
-0.60332042,1.259028792,133.1147809
-0.602493286,1.257758021,132.7510673
-0.600736022,1.255957842,132.443058
-0.600092649,1.255332112,132.299708
-0.599143744,1.254118085,132.0847469
-0.597728491,1.252874732,131.9486035
-0.596769571,1.251526594,131.4248712
-0.595647275,1.250265121,131.2323563
-0.594716668,1.249017119,131.0599397
-0.593567133,1.24776721,130.8523745
-0.592394769,1.24663341,130.6650818
-0.591534674,1.245361686,130.7124728
-0.590526938,1.244179606,130.5462074
-0.589191318,1.242383122,130.3245064
-0.588293254,1.241231799,130.3964122
-0.587615967,1.240055323,130.0150575
-0.587048471,1.239330649,129.9895398
-0.58608377,1.238364935,129.7780755
-0.584775567,1.236375809,129.6664559
-0.584202886,1.235914946,129.4315264
-0.58313036,1.234698892,129.5524443
-0.581921101,1.23278141,129.3440571
-0.580722392,1.231551647,129.2733809
-0.580133677,1.230378032,129.0124259
-0.579223573,1.229197621,128.9486139
-0.578097939,1.228088379,129.1091174
-0.577666342,1.227413177,128.9705864
-0.576877296,1.226120949,128.5817167
-0.57537955,1.224190474,128.1691064
-0.57455498,1.2229321,128.0872075
-0.573535264,1.221603274,127.947752
-0.572909951,1.220964313,127.8588178
-0.570928276,1.218323827,127.7415508
-0.569980383,1.216893792,127.4187475
-0.569069088,1.215441465,127.2845589
-0.568357766,1.214106798,126.9730547
-0.567308724,1.212922096,126.6548214
-0.566425681,1.211463332,126.9803725
-0.565591455,1.210148215,126.7914902
-0.562843621,1.206441402,126.5561329
-0.562303782,1.205785513,126.4518207
-0.561462343,1.204638839,126.2731506
-0.560740948,1.203158855,125.791375
-0.559860826,1.202018738,125.603827
-0.558843732,1.20007062,125.3769388
-0.558367968,1.199477315,125.2275955
-0.556209862,1.196276546,125.3153268
-0.555491805,1.194975734,124.9869136
-0.55447489,1.193768978,125.0215381
-0.553818762,1.192243338,124.7667692
-0.552571476,1.191133022,124.6609661
-0.551912189,1.189548969,124.0708788
-0.55113703,1.188241124,123.8591964
-0.549370766,1.185391188,123.5481836
-0.548504651,1.183910847,123.2917788
-0.547536433,1.182695866,123.1209263
-0.546742916,1.181401849,123.1115469
-0.545816898,1.180071473,123.001769
-0.545059204,1.178653836,122.5485438
-0.544266462,1.177399635,122.4572426
-0.543509841,1.175890684,122.192356
-0.539526641,1.169262409,121.3860405
-0.538682222,1.168009639,121.2801712
-0.538030028,1.16659987,120.8900313
-0.537466049,1.165284157,120.7379953
-0.53662467,1.163914204,120.6955353
-0.535596251,1.162709713,120.6515551
-0.53515929,1.161180615,120.3612105
-0.534240007,1.159989476,120.5073401
-0.533539176,1.158337355,120.2687824
-0.531098723,1.154227376,119.9318578
-0.530891716,1.153466702,119.4928288
-0.530251086,1.152161002,119.5304746
-0.529448569,1.150542855,119.1268337
-0.528499961,1.148512959,119.0690781
-0.528283358,1.14787209,119.0142025
-0.527373254,1.146514297,118.8864515
-0.526577652,1.145091176,118.771352
-0.524420977,1.141144156,118.2920576
-0.524025023,1.140406728,118.2471757
-0.523627937,1.138988733,117.8175368
-0.523036361,1.137530088,117.7950822
-0.522045553,1.136119246,117.7032646
-0.521535099,1.134766102,117.5181696
-0.520866513,1.133345723,117.4585017
-0.519861937,1.132097244,117.3874739
-0.519345105,1.130697012,117.1390693
-0.518621743,1.129338741,116.9003335
-0.517850399,1.127172947,116.7286061
-0.517510951,1.126458645,116.548408
-0.516818821,1.125003457,116.4543827
-0.516054809,1.123566151,116.409394
-0.515434086,1.122146964,116.3189749
-0.514806807,1.12048614,115.9781302
-0.514143109,1.119016528,115.850409
-0.5136078,1.117551923,115.6190246
-0.511553824,1.113202333,115.4955494
-0.510962725,1.111651659,115.4223009
-0.510421097,1.110212684,115.4540985
-0.50991869,1.108631253,114.9850552
-0.50929755,1.107137561,114.702425
-0.508570254,1.105746984,114.4699685
-0.508235097,1.105092049,114.320574
-0.507444799,1.10374558,114.2390984
-0.506285965,1.100119233,113.5558267
-0.505957186,1.099371195,113.4446857
-0.505540192,1.097996235,113.4664192
-0.50511229,1.09653461,113.454024
-0.504428506,1.095338941,113.6043615
-0.503819227,1.093857527,113.4681676
-0.503253579,1.092449188,113.3251733
-0.502307892,1.090031147,112.8510075
-0.501801252,1.08859551,112.5220956
-0.500936747,1.087192416,112.3586271
-0.500259519,1.08559835,111.9875255
-0.499957353,1.084836364,112.006363
-0.499513745,1.083242774,111.4538718
-0.499010861,1.081590176,111.202207
-0.498349845,1.080184221,111.095397
-0.497242779,1.077321172,110.8373575
-0.496807009,1.075713754,110.5216951
-0.495245665,1.071323872,110.1291178
-0.494709909,1.069625497,110.234311
-0.494222641,1.068228245,110.1722245
-0.493774563,1.06681788,109.939926
-0.493213326,1.065394163,109.7202736
-0.492690921,1.063862801,109.6559638
-0.492355525,1.06252861,109.4394708
-0.491738081,1.060486913,109.1865122
-0.491565436,1.059800982,109.0662298
-0.490891874,1.057701588,108.9706521
-0.490739256,1.056967378,108.9053219
-0.490005612,1.054626465,108.8173708
-0.489350259,1.053023458,108.709229
-0.489161462,1.05233407,108.6154829
-0.488271326,1.049201846,108.3400841
-0.488087833,1.048457742,108.1875389
-0.487505436,1.046056509,107.7875551
-0.486886263,1.044550538,107.5772841
-0.486390293,1.042950153,107.3404599
-0.485428631,1.039922714,106.5720714
-0.485634476,1.039393663,106.7391516
-0.48474738,1.037575841,106.4760917
-0.484368742,1.036216974,106.2774865
-0.483899295,1.03467381,106.1909454
-0.483276397,1.031760335,105.8557651
-0.48279503,1.030310392,105.7538564
-0.482400775,1.028702497,105.766132
-0.48225531,1.02744627,105.475451
-0.48188448,1.025909901,105.3818363
-0.481400698,1.024483442,105.3481363
-0.481219769,1.02308023,105.2090943
-0.48096028,1.021649241,105.0152507
-0.480525315,1.019985318,105.1115612
-0.47964716,1.016990423,104.8833974
-0.479466647,1.015590668,104.629278
-0.47913444,1.013955832,104.3379464
-0.478539437,1.012155175,104.3131253
-0.478293359,1.010595918,104.1793003
-0.477898598,1.008904576,103.9539579
-0.477541894,1.007362723,103.7554461
-0.477326244,1.005684853,103.6679895
-0.47707966,1.003436446,103.3490063
-0.4767766,1.001820445,103.3602022
-0.476420373,1.000311732,103.2043834
-0.475871444,0.998669088,103.0430578
-0.475669324,0.997190893,102.5418797
-0.474912375,0.994731665,102.1577569
-0.474767178,0.993998826,101.9679349
-0.474322706,0.9925192,101.7120805
-0.474469393,0.990925312,101.3925916
-0.474015146,0.989364445,101.392921
-0.473748654,0.987919807,101.3131048
-0.473547429,0.98654598,101.2219528
-0.473358184,0.985128403,101.117631
-0.472679317,0.981297851,101.0492386
-0.472439736,0.980540812,100.9514851
-0.472415924,0.979822636,100.8889485
-0.471476316,0.974295437,100.4809016
-0.471431643,0.973528028,100.3296978
-0.47134608,0.971986771,100.0689315
-0.471070826,0.970475495,99.8270925
-0.470752418,0.96875757,99.63317838
-0.470574647,0.967201471,99.43198977
-0.470526069,0.965716183,99.2795947
-0.47081098,0.964267492,99.55270351
-0.470082164,0.96268934,99.05014593
-0.469801992,0.961822212,99.01403808
-0.469662905,0.960205019,98.88872038
-0.469655216,0.958638668,98.68702289
-0.469415635,0.957238615,98.7200299
-0.469022006,0.954784632,98.1466016
-0.468780547,0.954061568,97.93205309
-0.468648702,0.952666104,97.68927667
-0.468320817,0.950212538,97.30718265
-0.468363941,0.949405849,97.28567228
-0.468333125,0.946988821,97.05493515
-0.468171835,0.946184099,97.03280116
-0.467954755,0.944133461,96.73375343
-0.467838943,0.943370402,96.70968083
-0.468394011,0.941870809,97.14994488
-0.467976183,0.940274239,97.15158563
-0.467663884,0.938718081,96.55317334
-0.467618227,0.937393367,96.69098611
-0.467208803,0.935664535,96.22404663
-0.467508346,0.933768868,96.59044433
-0.467085034,0.932235897,95.97954551
-0.466878355,0.930642188,95.84336803
-0.466919124,0.929279029,95.53988754
-0.4672876,0.926925957,95.83703134
-0.467106283,0.926217616,95.65756227
-0.46676597,0.92466712,95.3408859
-0.466395855,0.920636475,94.41495489
-0.466395855,0.920636475,94.41495489
-0.466451555,0.918310344,94.46016102
-0.466285944,0.917400181,94.40634419
-0.465867311,0.915181518,93.67064613
-0.465865999,0.914467633,93.61894118
-0.465688676,0.912780344,93.58307838
-0.466418236,0.911356926,93.85373353
-0.465705186,0.909835219,93.18028432
-0.465613782,0.90827477,93.26517302
-0.466288745,0.906190515,93.47565052
-0.465884954,0.904531956,93.1691424
-0.465663731,0.902837932,93.13808296
-0.465787649,0.901299059,92.95629452
-0.466177613,0.899715841,93.05090766
-0.465673745,0.897936046,92.3157849
-0.465602607,0.896344125,92.04505091
-0.465367228,0.895328879,91.92325336
-0.465430081,0.89371264,91.79524325
-0.466115206,0.892177999,91.9842842
-0.465626091,0.890450537,91.37069229
-0.46559003,0.888998032,91.28791192
-0.465556979,0.88657254,91.16027177
-0.466145456,0.885868073,91.44384884
-0.465928614,0.884382546,91.15461941
-0.465668827,0.882732213,90.72070396
-0.465728253,0.881182969,90.51067917
-0.465700179,0.878801465,90.32704208
-0.465708822,0.877993405,90.14934903
-0.465880036,0.876426578,90.33252185
-0.466230243,0.874025941,90.26336701
-0.465807557,0.872489095,89.72902216
-0.465947628,0.871932328,89.62258458
-0.466123402,0.87040478,89.55333802
-0.465990186,0.868848145,89.47442695
-0.46656996,0.866582513,89.74957177
-0.466183841,0.865750074,89.40763814
-0.466274619,0.864326656,89.24192931
-0.466896206,0.863001943,89.30913849
-0.466559857,0.860720217,88.74623795
-0.466594011,0.859884262,88.70182603
-0.466781765,0.858378708,88.51987305
-0.466491938,0.856776893,88.33006956
-0.466647059,0.855326474,88.08752284
-0.466763586,0.853459775,87.93467932
-0.466952682,0.851953149,87.5778947
-0.466912389,0.849412143,87.2160773
-0.46708864,0.848710656,87.12895559
-0.467247933,0.846992373,86.92896581
-0.467301875,0.845488071,86.82312499
-0.46761784,0.844067335,86.6434641
-0.467600018,0.842294276,86.54013055
-0.468078524,0.841032267,86.53174291
-0.467797726,0.837629378,85.81595273
-0.468096942,0.83680886,85.77306914
-0.468384266,0.835508645,85.70193999
-0.468639165,0.83401382,85.69759213
-0.468731284,0.832531989,85.37130755
-0.468865275,0.831115425,85.26209464
-0.469002843,0.829509676,85.3676692
-0.469259679,0.828175783,85.20903735
-0.469353408,0.826557934,85.19744113
-0.469776362,0.825071871,85.14426646
-0.469700277,0.823640823,84.71746187
-0.470009387,0.821771502,84.58866305
-0.470362931,0.820256352,84.41334113
-0.470461816,0.818724632,84.28269822
-0.47068277,0.817322433,84.21871365
-0.470852762,0.815583289,83.80651575
-0.470875382,0.814054847,83.61936635
-0.471146494,0.812610865,83.3646509
-0.471428007,0.811020732,83.28574033
-0.471704662,0.809553385,82.95050186
-0.471892715,0.807762384,82.81411195
-0.472092301,0.806349635,82.60292973
-0.473216325,0.799090445,81.55755884
-0.473220021,0.798227191,81.4621002
-0.473534882,0.796863377,81.30136496
-0.47367245,0.795025051,81.20361997
-0.473955095,0.793684244,80.96120521
-0.474312365,0.792117715,81.005975
-0.474771291,0.790676057,81.00155344
-0.47506088,0.789289713,81.03035127
-0.475489527,0.78761369,81.07060842
-0.475741446,0.786139011,81.04108404
-0.476120383,0.784677923,80.97770921
-0.47632134,0.784086108,80.90718726
-0.476802886,0.781439006,80.67198151
-0.47695291,0.779882014,80.42908446
-0.477195531,0.779258668,80.35149346
-0.477355033,0.777652144,80.14138711
-0.47787112,0.776253819,79.9612772
-0.477982998,0.774815917,79.79773936
-0.478349864,0.773137867,79.62804101
-0.478542149,0.771739662,79.41538427
-0.478875101,0.77031219,79.18146788
-0.47953248,0.768778384,79.20158452
-0.479920566,0.766403258,78.7213076
-0.479938775,0.765730441,78.5244953
-0.480274916,0.76415807,78.37476513
-0.480733901,0.762574077,78.24497449
-0.481310666,0.76006186,78.17488655
-0.481535673,0.758658886,77.8212956
-0.481836826,0.757247806,77.61494748
-0.482054859,0.756483555,77.44369077
-0.482563287,0.754830241,77.29547225
-0.482909799,0.753409743,77.18238837
-0.483364463,0.751999557,77.02394825
-0.483707458,0.750599802,77.07310426
-0.484270096,0.748358965,77.03759431
-0.484692067,0.747547507,77.07897779
-0.484862357,0.745989919,76.8919357
-0.485228986,0.744562864,76.41908663
-0.485807747,0.743036628,76.3639387
-0.486560524,0.739968896,76.03521317
-0.48674193,0.739423871,75.95506678
-0.487321407,0.737921178,75.90600937
-0.487705827,0.736500382,75.86651494
-0.488270164,0.73508656,75.75213056
-0.488527149,0.733466685,75.3126457
-0.489111811,0.732014358,75.1226118
-0.489442587,0.730256677,74.78936463
-0.489766926,0.728770554,74.47097648
-0.490227908,0.727314055,74.18365006
-0.49066335,0.725707054,74.01113287
-0.49121058,0.724120915,73.79963701
-0.491715968,0.722753704,73.62690964
-0.492150307,0.721372902,73.45031922
-0.492642164,0.719949841,73.36090973
-0.493191272,0.718353093,73.28384793
-0.493710965,0.717026293,73.18399481
-0.494097382,0.715564847,73.08077947
-0.49489069,0.714174628,73.15782733
-0.495233744,0.712584972,72.95567669
-0.495689243,0.711071789,72.68423887
-0.496143937,0.709546268,72.48990524
-0.49671188,0.707935393,72.30828433
-0.497208267,0.706454813,72.02345354
-0.497546345,0.705136299,71.83995897
-0.498140961,0.7036497,71.6183571
-0.498947561,0.702247977,71.65759877
-0.499320745,0.700876296,71.42064353
-0.499773651,0.699341059,71.33753153
-0.500270724,0.697931588,71.24075345
-0.50085634,0.69652611,71.08359661
-0.50154388,0.695091128,70.90135965
-0.501746356,0.693559647,70.76431788
-0.502289176,0.692044616,70.5056005
-0.503009439,0.690438747,70.27629053
-0.503426969,0.689111292,70.1262228
-0.504097223,0.687504053,69.91365391
-0.504763126,0.686085999,69.76918546
-0.505977273,0.683252692,69.64920966
-0.506368101,0.682592094,69.79917219
-0.50698781,0.681105137,69.51109289
-0.507722676,0.679827392,69.62539488
-0.508040547,0.678338289,69.30989327
-0.508674085,0.676842868,69.15377
-0.509713352,0.674778998,69.00273778
-0.51013422,0.673987389,68.97370306
-0.510654926,0.672596216,68.91657405
-0.511184156,0.671106756,68.79324243
-0.511819422,0.66971308,68.63621198
-0.512627363,0.668198168,68.30022098
-0.513405442,0.666009307,67.91264938
-0.513677537,0.66532141,67.77511348
-0.514409482,0.663792133,67.54680419
-0.515325785,0.662490785,67.59241995
-0.515772879,0.66110152,67.36311496
-0.516456962,0.659638405,67.28134513
-0.516986609,0.658162892,67.22639735
-0.517522573,0.656673431,67.03553272
-0.518233299,0.655255854,66.68085375
-0.518844306,0.653854311,66.51291558
-0.519556046,0.652380466,66.18211718
-0.52018702,0.651038289,66.02975967
-0.520973504,0.649691641,65.85034784
-0.52165693,0.648329794,65.94200736
-0.522298276,0.647062361,65.83569152
-0.522990644,0.645590842,65.61905924
-0.523702919,0.644293845,65.47327383
-0.524354219,0.642847717,65.31412912
-0.525027692,0.641410112,65.09638381
-0.527234316,0.63719219,64.41421668
-0.527556181,0.636556745,64.38859001
-0.528430462,0.635134399,64.217253
-0.529084206,0.633928597,64.2415496
-0.529677153,0.632568777,64.0370486
-0.530216813,0.631109953,63.83586492
-0.531333447,0.630030096,63.80782046
-0.531858623,0.628496468,63.43278643
-0.532589674,0.627077937,63.33933441
-0.533524394,0.625640094,63.16243592
-0.534279943,0.624099731,62.94847962
-0.534744084,0.622681022,62.53783835
-0.535562396,0.621147513,62.3854411
-0.536652505,0.618883491,61.95927107
-0.537080407,0.618175685,61.76936671
-0.537905753,0.61675179,61.47088688
-0.538837254,0.615317106,61.3176182
-0.539622605,0.614023626,61.10910616
-0.540455639,0.612689018,61.10360724
-0.541367471,0.61133194,61.00939697
-0.542063832,0.610161841,61.08718367
-0.542822003,0.608904839,61.10789482
-0.543162942,0.608309984,61.14787953
-0.544009209,0.606931686,61.06127964
-0.544699192,0.60571903,60.88456333
-0.546266496,0.60315454,60.28715706
-0.546660781,0.602445781,60.12530155
-0.547479987,0.601193547,60.04912279
-0.548303366,0.599984944,59.97326451
-0.549271166,0.598130405,59.73741079
-0.550445855,0.596267641,59.66105137
-0.551265061,0.594836533,59.44306932
-0.552025676,0.593583763,59.21613505
-0.55300504,0.592267454,59.0101101
-0.553399265,0.591628969,58.91433002
-0.55430007,0.590241194,58.67131902
-0.555170119,0.588876903,58.64934676
-0.556120932,0.587409556,58.5049189
-0.556974292,0.586020112,58.4365086
-0.557832897,0.584673524,58.35914842
-0.558771729,0.583230257,58.13064812
-0.559857905,0.581817687,57.89158787
-0.561138809,0.579924762,57.65408437
-0.561832488,0.579358637,57.64206735
-0.562690794,0.577894509,57.57764646
-0.563496649,0.576776206,57.53205368
-0.564788401,0.57486546,57.3495513
-0.565231025,0.574254572,57.26307387
-0.566158056,0.572863519,57.0778949
-0.566929042,0.571727455,56.91577408
-0.567848384,0.570429206,56.6181368
-0.568900049,0.568723083,56.31653765
-0.56943202,0.568057418,56.34593832
-0.570350707,0.566923797,56.20126362
-0.57123065,0.565761507,56.09319338
-0.572151661,0.564543962,55.96006565
-0.573094308,0.5633623,55.94340138
-0.573987246,0.5619542,55.72543743
-0.574765027,0.560654581,55.44758589
-0.575757205,0.559331298,55.18517071
-0.576731145,0.55807966,54.87466958
-0.577712893,0.556642652,54.61951178
-0.578575134,0.555456817,54.38524992
-0.579614878,0.554119408,54.09970692
-0.580621004,0.552857995,53.90780254
-0.581543505,0.551596582,53.71801362
-0.582547665,0.550410628,53.56663851
-0.583541036,0.549284577,53.57519894
-0.584903061,0.547357798,53.29146572
-0.585455298,0.54663676,53.19106992
-0.587104857,0.544962823,53.14260095
-0.587583959,0.544121802,53.00637459
-0.588676155,0.54304719,52.88214918
-0.589550257,0.541705847,52.66360369
-0.590519309,0.540400922,52.41968466
-0.591561317,0.539169848,52.28433172
-0.592468262,0.537965178,52.09201091
-0.592863798,0.536705077,51.97260799
-0.594023466,0.5354864,51.83343664
-0.595003903,0.534310341,51.67347227
-0.596043706,0.533150017,51.41019168
-0.596969008,0.531948149,51.31529657
-0.597998202,0.530794501,51.17599445
-0.599008143,0.529534519,51.14114862
-0.599973023,0.528308451,50.91465965
-0.60152185,0.526542485,50.58348365
-0.602107048,0.525893629,50.46547643
-0.603103876,0.524698794,50.37587033
-0.604228556,0.523510814,50.10313067
-0.605280101,0.522349298,49.92494867
-0.606368184,0.521205306,49.79043098
-0.607322276,0.520070314,49.75374131
-0.608504713,0.518954456,49.64401453
-0.609451532,0.517739356,49.49555028
-0.610458851,0.516655028,49.35639271
-0.61154449,0.515478551,49.07349719
-0.612529814,0.514297605,48.7997741
-0.613565803,0.513283849,48.52740006
-0.614570439,0.512064338,48.46385629
-0.615693569,0.510927975,48.2805649
-0.616582811,0.509805322,48.31439329
-0.617805064,0.508643806,48.22962902
-0.618850112,0.507524371,48.06544129
-0.620014608,0.506470859,47.81635908
-0.620949268,0.505438089,47.68157057
-0.622120857,0.504332781,47.62704309
-0.623159289,0.503287613,47.49073246
-0.624767721,0.501667082,47.43632839
-0.625375807,0.501125097,47.41842858
