[0.7251888513565063],[1.4686965942382812],[137.89202569896173],[-1.1160368919372559],[-0.48147886991500854],[31.39198845027737]
[0.7251765131950378],[1.4687050580978394],[137.84307413172144],[-1.116034984588623],[-0.48148682713508606],[31.394351990043358]
[0.7251583933830261],[1.4687480926513672],[137.79219332647602],[-1.1160458326339722],[-0.48147884011268616],[31.39092796286853]
[0.7251659035682678],[1.4687354564666748],[137.8017318914189],[-1.1160029172897339],[-0.4815083146095276],[31.41154011401923]
[0.725161612033844],[1.4687423706054688],[137.78623359219566],[-1.1160026788711548],[-0.48150771856307983],[31.41447006139818]
[0.7251530885696411],[1.4687578678131104],[137.77872332025055],[-1.1160017251968384],[-0.48150885105133057],[31.408534409534465]
[0.7251512408256531],[1.4687556028366089],[137.77821934772516],[-1.115731954574585],[-0.4813426434993744],[31.470716458663137]
[0.7251577973365784],[1.468759298324585],[137.77447447158988],[-1.1128489971160889],[-0.47954636812210083],[29.26893628932473]
[0.7251558303833008],[1.4687637090682983],[137.76706118415652],[-1.102960467338562],[-0.47455671429634094],[24.211225673820454]
[0.7251465320587158],[1.4687663316726685],[137.77186894582505],[-1.0906325578689575],[-0.469748854637146],[19.51531202060147]
[0.7251540422439575],[1.4687670469284058],[137.76404678092985],[-1.0774801969528198],[-0.46552231907844543],[14.827148283418525]
[0.7251515984535217],[1.4687623977661133],[137.76090783274884],[-1.0647510290145874],[-0.46244150400161743],[10.979208286462212]
[0.7251467108726501],[1.4687761068344116],[137.7538369498195],[-1.04794442653656],[-0.46022123098373413],[5.471001303639203]
[0.726844847202301],[1.464712142944336],[141.26193522222505],[-0.9932672381401062],[-0.46329307556152344],[-9.010147730778181]
[0.7316056489944458],[1.4562861919403076],[149.63541193140736],[-0.9836734533309937],[-0.46493780612945557],[-10.462925277936627]
[0.744655191898346],[1.4414018392562866],[166.3775893415546],[-0.9706833958625793],[-0.4673745632171631],[-12.325544157122737]
[0.7612739205360413],[1.432072639465332],[-179.5270470828413],[-0.9583640694618225],[-0.4703757166862488],[-13.837926226378999]
[0.7720086574554443],[1.4290205240249634],[-173.09883915662084],[-0.9502729177474976],[-0.47241082787513733],[-14.466309720521497]
[0.7814311385154724],[1.4271875619888306],[-167.7196036802689],[-0.9420288801193237],[-0.47450733184814453],[-14.97012078892796]
[0.8200076222419739],[1.4295786619186401],[-142.3157432531092],[-0.9028663635253906],[-0.4860208034515381],[-18.840257361551433]
[0.869026243686676],[1.4610990285873413],[-120.0630662749138],[-0.8470520377159119],[-0.5059685111045837],[-19.715645956759737]
[0.9094822406768799],[1.5113612413406372],[-94.27849660551007],[-0.7748913168907166],[-0.5315890312194824],[-20.2600430264119]
[0.9162651300430298],[1.5406360626220703],[-96.66988729006896],[-0.7401071190834045],[-0.5438134670257568],[-20.179057993203386]
[0.9181095957756042],[1.545667052268982],[-98.32969712392398],[-0.7314141988754272],[-0.5468943119049072],[-20.426315765228043]
[0.9199540019035339],[1.5491888523101807],[-100.19402455032261],[-0.7246548533439636],[-0.5493825674057007],[-20.402865661571678]
[0.9221851229667664],[1.556155800819397],[-101.76126368386731],[-0.7161933183670044],[-0.5524551272392273],[-20.29605680640507]
[0.9259099364280701],[1.5647079944610596],[-101.9392071272727],[-0.7062243819236755],[-0.5561621189117432],[-20.17741765843782]
[0.9322808384895325],[1.5728362798690796],[-94.92249158547754],[-0.6946293711662292],[-0.5602021813392639],[-20.28814132070878]
[0.9362747669219971],[1.5775524377822876],[-89.86637998014228],[-0.6846179366111755],[-0.5637268424034119],[-20.239076177341868]
[0.9406020641326904],[1.5815563201904297],[-86.06800286026476],[-0.6763750910758972],[-0.5667212605476379],[-20.18736605970904]
[0.9460808038711548],[1.5876423120498657],[-79.38981416421282],[-0.6633227467536926],[-0.5716066956520081],[-20.0966818179575]
[0.9500473737716675],[1.5937292575836182],[-73.6519912320354],[-0.6534326672554016],[-0.5749529600143433],[-20.041452964415924]
[0.9521529078483582],[1.5980093479156494],[-69.69485714278004],[-0.6450402140617371],[-0.5779498815536499],[-20.234659466359997]
[0.953943133354187],[1.6022735834121704],[-64.76842219232608],[-0.6364725828170776],[-0.5809777975082397],[-20.281310070883492]
[0.9561519622802734],[1.6072169542312622],[-60.821540728491335],[-0.6281107068061829],[-0.5839754343032837],[-20.273181018742523]
[0.9579099416732788],[1.6115829944610596],[-57.15453684123054],[-0.6196030378341675],[-0.5870105028152466],[-20.287334572709483]
[0.9591545462608337],[1.6166114807128906],[-53.14878934322793],[-0.6112160682678223],[-0.5900561809539795],[-20.182697867814575]
[0.9600089192390442],[1.6213198900222778],[-49.432175819207956],[-0.6029403209686279],[-0.5930366516113281],[-20.20305544280684]
[0.96028733253479],[1.6270403861999512],[-44.78131753592749],[-0.5929800868034363],[-0.5965749025344849],[-20.325645813502273]
[0.9605075120925903],[1.631382703781128],[-41.94285644820401],[-0.5863672494888306],[-0.5989943146705627],[-20.370887771804277]
[0.9603807330131531],[1.6370850801467896],[-37.443311654032385],[-0.5764800906181335],[-0.6025206446647644],[-20.278349855790008]
[0.9596053957939148],[1.6412346363067627],[-33.782065722510104],[-0.5683462619781494],[-0.605601966381073],[-20.0338800915558]
[0.9587137699127197],[1.6447879076004028],[-30.40100784811737],[-0.5584458708763123],[-0.6090578436851501],[-19.859331176994925]
[0.9587137699127197],[1.6447879076004028],[-30.40100784811737],[-0.5484752058982849],[-0.6124952435493469],[-20.229935011259084]
[0.9587137699127197],[1.6447879076004028],[-30.40100784811737],[-0.5396773815155029],[-0.6155912280082703],[-20.38717823508437]
[0.9587137699127197],[1.6447879076004028],[-30.40100784811737],[-0.5328018069267273],[-0.6181254982948303],[-20.49485340757199]
[0.9587137699127197],[1.6447879076004028],[-30.40100784811737],[-0.5210447311401367],[-0.6223798394203186],[-20.329420514218704]
[0.9587137699127197],[1.6447879076004028],[-30.40100784811737],[-0.5094317197799683],[-0.6266221404075623],[-20.21043095774498]
[0.9587137699127197],[1.6447879076004028],[-30.40100784811737],[-0.4994600713253021],[-0.6300727128982544],[-20.383003874051607]
[0.9587137699127197],[1.6447879076004028],[-30.40100784811737],[-0.4895288348197937],[-0.6336475014686584],[-20.39120842346885]
[0.9587137699127197],[1.6447879076004028],[-30.40100784811737],[-0.4828837215900421],[-0.6359248161315918],[-20.273693189522803]
[0.9587137699127197],[1.6447879076004028],[-30.40100784811737],[-0.47473955154418945],[-0.6390058398246765],[-20.184332869341464]
[0.9587137699127197],[1.6447879076004028],[-30.40100784811737],[-0.4650121331214905],[-0.6424789428710938],[-19.913737650906107]
[0.9587137699127197],[1.6447879076004028],[-30.40100784811737],[-0.45671945810317993],[-0.6454362869262695],[-20.20721811205536]
[0.9587137699127197],[1.6447879076004028],[-30.40100784811737],[-0.4462638795375824],[-0.6491363048553467],[-20.498264222768977]
[0.9587137699127197],[1.6447879076004028],[-30.40100784811737],[-0.43942025303840637],[-0.6516372561454773],[-20.55439771663615]
[0.9587137699127197],[1.6447879076004028],[-30.40100784811737],[-0.4276283085346222],[-0.6558617353439331],[-20.398958036687276]
[0.9587137699127197],[1.6447879076004028],[-30.40100784811737],[-0.412678599357605],[-0.6612396836280823],[-20.23621435612712]
[0.9587137699127197],[1.6447879076004028],[-30.40100784811737],[-0.4061133861541748],[-0.6636515855789185],[-20.24720055253655]
[0.9587137699127197],[1.6447879076004028],[-30.40100784811737],[-0.39783775806427],[-0.6665279269218445],[-20.32333725407154]
[0.9587137699127197],[1.6447879076004028],[-30.40100784811737],[-0.38796526193618774],[-0.6701170802116394],[-20.246515772574732]
[0.8877692222595215],[1.691093921661377],[29.507020094367675],[-0.3796643018722534],[-0.6731640100479126],[-20.23689023267066]
[0.8813228607177734],[1.6908204555511475],[28.895866871963868],[-0.37314069271087646],[-0.6755973696708679],[-20.029869983647604]
[0.870248019695282],[1.6897544860839844],[33.70107384653106],[-0.3647133708000183],[-0.678432047367096],[-20.075961727079665]
[0.8622933626174927],[1.687692403793335],[38.18042211879097],[-0.35638049244880676],[-0.681492269039154],[-20.41181000866742]
[0.8568524718284607],[1.6844607591629028],[41.11344411051529],[-0.3493918180465698],[-0.683901309967041],[-20.519087586385826]
[0.8520740866661072],[1.6820306777954102],[44.20960460999288],[-0.3392517566680908],[-0.687555193901062],[-20.534615838317112]
[0.8488258123397827],[1.6841293573379517],[45.82807676566886],[-0.33081483840942383],[-0.6906498670578003],[-20.438848438908746]
[0.8467008471488953],[1.6840226650238037],[47.141221909466346],[-0.3225594460964203],[-0.6937569975852966],[-20.288767497226825]
[0.8409834504127502],[1.6824926137924194],[53.3716476992709],[-0.3125740885734558],[-0.697144091129303],[-20.404759619160444]
[0.8373079895973206],[1.6810338497161865],[54.968308837174256],[-0.3042775094509125],[-0.7002220749855042],[-20.522430904603116]
[0.8358458280563354],[1.6759532690048218],[51.49418703866199],[-0.29428809881210327],[-0.7038463950157166],[-20.450872399231905]
[0.8303481340408325],[1.672276258468628],[50.220384123912616],[-0.28274184465408325],[-0.7080792188644409],[-20.278092794776107]
[0.8306469917297363],[1.66048264503479],[48.06046699476429],[-0.27465078234672546],[-0.7109984159469604],[-19.996728343237624]
[0.8202276825904846],[1.642107367515564],[53.91260479643516],[-0.2646457850933075],[-0.7145019769668579],[-20.219554902416423]
[0.8222498297691345],[1.6298736333847046],[55.57952437725902],[-0.25594010949134827],[-0.7175259590148926],[-20.509171993627106]
[0.8213716745376587],[1.6253019571304321],[58.12980115726815],[-0.24734415113925934],[-0.720607578754425],[-20.520239260767458]
[0.8184994459152222],[1.6200486421585083],[55.16754883409712],[-0.2404860258102417],[-0.7230367064476013],[-20.59588981415332]
[0.8153976202011108],[1.6136136054992676],[48.96627417632175],[-0.23228473961353302],[-0.7261326313018799],[-20.63158720033205]
[0.8136957883834839],[1.609919548034668],[42.90551099822987],[-0.2255413681268692],[-0.728582501411438],[-20.5269221410956]
[0.8119527697563171],[1.6059006452560425],[35.58825323447224],[-0.21732652187347412],[-0.7315043210983276],[-20.369194334604206]
[0.808061420917511],[1.6013362407684326],[29.476159906383057],[-0.20897258818149567],[-0.7343794107437134],[-20.35271308226383]
[0.800422728061676],[1.5956015586853027],[20.59020532833621],[-0.19585587084293365],[-0.739138126373291],[-20.38159762930772]
[0.7962824106216431],[1.5935596227645874],[16.120901197854792],[-0.1892915815114975],[-0.741579532623291],[-20.264913387522707]
[0.7890064716339111],[1.5903940200805664],[9.830087203958264],[-0.17948605120182037],[-0.7451819777488708],[-20.15142951516161]
[0.7839412093162537],[1.588839054107666],[5.6951950518261985],[-0.1727423071861267],[-0.7474643588066101],[-20.189166885972607]
[0.7734425663948059],[1.58733069896698],[-1.7512195945495175],[-0.15914976596832275],[-0.7523476481437683],[-20.49536511199546]
[0.7645487189292908],[1.5873775482177734],[-7.047276124974592],[-0.14723354578018188],[-0.7566223740577698],[-20.651204921993486]
[0.7591313719749451],[1.5879393815994263],[-9.602623085830587],[-0.14051282405853271],[-0.7590914964675903],[-20.569046698067098]
[0.7522154450416565],[1.589194893836975],[-12.663754726338931],[-0.1322319060564041],[-0.7621892094612122],[-20.378968388668024]
[0.7411758303642273],[1.5922138690948486],[-17.14308897371383],[-0.11909135431051254],[-0.7668963074684143],[-20.493090617649212]
[0.7331278324127197],[1.5949881076812744],[-20.24011666745449],[-0.10909169167280197],[-0.7705190181732178],[-20.598988278012044]
[0.7265446782112122],[1.5976042747497559],[-22.85315567105934],[-0.10084546357393265],[-0.7733936905860901],[-20.48623724518195]
[0.7164568901062012],[1.6024292707443237],[-26.501325870352982],[-0.08778698742389679],[-0.7782734036445618],[-20.118923552173882]
[0.7103886604309082],[1.6061433553695679],[-27.820169790117024],[-0.07949091494083405],[-0.7811436057090759],[-20.30020651675045]
[0.6985220909118652],[1.6142361164093018],[-29.234011954441016],[-0.06250015646219254],[-0.7872558236122131],[-20.630240797634574]
[0.6839924454689026],[1.624913215637207],[-30.784788607794898],[-0.04228867590427399],[-0.7946443557739258],[-20.45991800413418]
[0.6777297854423523],[1.6300641298294067],[-31.440937624438707],[-0.03403892740607262],[-0.7977356314659119],[-20.377833892928287]
[0.6707452535629272],[1.6354387998580933],[-32.71131558662638],[-0.024121593683958054],[-0.8013443350791931],[-20.422151462524578]
[0.6652666330337524],[1.6398141384124756],[-33.68537282663148],[-0.015724873170256615],[-0.8042406439781189],[-20.524461503255264]
[0.6585242748260498],[1.6454155445098877],[-34.9305362190747],[-0.00575000885874033],[-0.8078742623329163],[-20.476100885214045]
[0.6527257561683655],[1.6505423784255981],[-35.26111342755228],[0.002342847641557455],[-0.8109598755836487],[-20.339411367670607]
[0.6456726789474487],[1.6573892831802368],[-35.10062944364954],[0.011816810816526413],[-0.8145673871040344],[-20.03117493550715]
[0.6386412978172302],[1.6638603210449219],[-34.63750911684715],[0.021736308932304382],[-0.8180404305458069],[-20.269888792744798]
[0.6295797824859619],[1.6728140115737915],[-33.97682835723975],[0.03560733422636986],[-0.8229710459709167],[-20.68832026817306]
[0.6236653327941895],[1.6784305572509766],[-33.6021750680234],[0.044345367699861526],[-0.8260546922683716],[-20.732710082531703]
[0.6179790496826172],[1.6833691596984863],[-33.3223073041925],[0.053281981498003006],[-0.8293814659118652],[-20.8965566647105]
[0.6105824708938599],[1.690532922744751],[-32.46192357160161],[0.06323932856321335],[-0.8331015706062317],[-20.5160495802143]
[0.6054723262786865],[1.6950541734695435],[-31.979620207921613],[0.06984376162290573],[-0.8354131579399109],[-20.512716966421742]
[0.5977250337600708],[1.702164649963379],[-31.430993678259156],[0.07966906577348709],[-0.8389399647712708],[-20.537833546619304]
[0.5907947421073914],[1.7077059745788574],[-31.647149230842707],[0.08941391110420227],[-0.8423616290092468],[-20.642251598814173]
[0.5847312211990356],[1.7132123708724976],[-30.40031541032919],[0.09755003452301025],[-0.8454252481460571],[-20.533492002147153]
[0.5795379281044006],[1.7180941104888916],[-29.19996677467562],[0.10399222373962402],[-0.8478195667266846],[-20.253650444974514]
[0.5718261003494263],[1.7246017456054688],[-27.519309755404027],[0.1138983741402626],[-0.8511819243431091],[-20.37507525754771]
[0.5621970891952515],[1.7320868968963623],[-25.85456008736431],[0.12565326690673828],[-0.8554851412773132],[-20.786919290300926]
[0.555475652217865],[1.7365597486495972],[-24.989420266436166],[0.1341569423675537],[-0.8586174249649048],[-21.239930935381167]
[0.5443816781044006],[1.7448784112930298],[-22.47544943872552],[0.14730440080165863],[-0.86368727684021],[-21.768876055521655]
[0.5371293425559998],[1.7500262260437012],[-21.202955716326027],[0.15522179007530212],[-0.8668957352638245],[-21.579551680028427]
[0.5301253795623779],[1.7543123960494995],[-19.798811106826104],[0.16340462863445282],[-0.8698174953460693],[-21.654287621233856]
[0.5242984890937805],[1.7579669952392578],[-18.799729014537313],[0.17001856863498688],[-0.8724225759506226],[-21.531496409049453]
[0.5166199803352356],[1.762083888053894],[-17.681378983360112],[0.17822474241256714],[-0.8755388855934143],[-21.448061327665407]
[0.5104427337646484],[1.765643835067749],[-16.39435952881879],[0.1847989708185196],[-0.8779691457748413],[-21.35333049022191]
[0.5024996399879456],[1.7699919939041138],[-14.850215182298934],[0.19296672940254211],[-0.8812101483345032],[-21.256939105352647]
[0.4929722249507904],[1.7743936777114868],[-13.082654948302311],[0.2028573602437973],[-0.8850308060646057],[-21.287246074347884]
[0.48483511805534363],[1.778271198272705],[-10.998718963542316],[0.21117034554481506],[-0.8880994319915771],[-21.38153775146933]
[0.4766342043876648],[1.7817282676696777],[-8.8840565798092],[0.2196006029844284],[-0.8912793397903442],[-21.546189240002192]
[0.4684602916240692],[1.785097360610962],[-6.899432474614624],[0.22815315425395966],[-0.8945193886756897],[-21.65990543067502]
[0.461988240480423],[1.7870914936065674],[-5.289978902414302],[0.23471246659755707],[-0.8970164060592651],[-21.729097078169957]
[0.45320361852645874],[1.7900587320327759],[-2.7671426562609196],[0.2430158108472824],[-0.900307834148407],[-21.58733865156003]
[0.4437873363494873],[1.7929948568344116],[0.1720401058272176],[0.2511654794216156],[-0.9035869836807251],[-21.399313679623205]
[0.43462157249450684],[1.7950892448425293],[2.7733937399354263],[0.25947457551956177],[-0.9065551161766052],[-21.354322853035427]
[0.4256778955459595],[1.7966959476470947],[5.222441871978226],[0.2677800953388214],[-0.9096775054931641],[-21.47531606172061]
[0.4151172935962677],[1.7979151010513306],[8.273525022026025],[0.27760303020477295],[-0.9134358167648315],[-21.462314481893937]
[0.4062676727771759],[1.7985005378723145],[11.089237832647225],[0.28579187393188477],[-0.9166380167007446],[-21.435958458675415]
[0.3991243243217468],[1.7991969585418701],[13.70162671584336],[0.2922353446483612],[-0.9191539883613586],[-21.179326723455]
[0.38981765508651733],[1.7992793321609497],[16.824130590523414],[0.30032816529273987],[-0.9222965836524963],[-21.07927387569102]
[0.38226819038391113],[1.7988028526306152],[19.21946551858121],[0.30705979466438293],[-0.9247129559516907],[-21.43980716528177]
[0.37271633744239807],[1.7978464365005493],[22.511174261868486],[0.315610408782959],[-0.9278765320777893],[-21.632120024527627]
[0.3530201017856598],[1.7943755388259888],[29.61307325789212],[0.33238551020622253],[-0.9343705773353577],[-21.78846421676849]
[0.3437105119228363],[1.7918591499328613],[33.33697320179929],[0.34062498807907104],[-0.937538743019104],[-21.572848394344206]
[0.3352159559726715],[1.7889344692230225],[36.91792604073217],[0.3487689197063446],[-0.9407019019126892],[-21.3859781223956]
[0.3280681371688843],[1.786318063735962],[39.90248930207734],[0.35533368587493896],[-0.9430730938911438],[-21.454304013146846]
[0.31970450282096863],[1.782512903213501],[43.54346989965372],[0.36345741152763367],[-0.946337878704071],[-21.446558069935776]
[0.31278854608535767],[1.7786784172058105],[46.96242508862147],[0.3701546788215637],[-0.9489868879318237],[-21.56398713286105]
[0.30076929926872253],[1.7712117433547974],[53.174421580098596],[0.3816581666469574],[-0.9533687829971313],[-21.619622710025368]
[0.2944488227367401],[1.7662817239761353],[56.90110103751793],[0.3882060945034027],[-0.9558655619621277],[-21.510513022920357]
[0.286659300327301],[1.7598286867141724],[61.900999652933066],[0.39625126123428345],[-0.958904504776001],[-21.356788056162422]
[0.2791798710823059],[1.7526218891143799],[67.5793778725264],[0.4045228958129883],[-0.962188720703125],[-21.508596450573446]
[0.26931729912757874],[1.7399448156356812],[76.2165441220652],[0.41815051436424255],[-0.9674277305603027],[-21.796849885402587]
[0.2649325430393219],[1.7333087921142578],[80.25688047242319],[0.42476579546928406],[-0.9700361490249634],[-21.834495500106566]
[0.2607269883155823],[1.724348783493042],[85.5123220204792],[0.4331187307834625],[-0.9731702208518982],[-22.30434109549801]
[0.25611716508865356],[1.7123788595199585],[92.94212282735106],[0.44254764914512634],[-0.977138876914978],[-22.574941153420824]
[0.2534830868244171],[1.7020752429962158],[99.17433120420816],[0.45039716362953186],[-0.9803780317306519],[-22.636375271946896]
[0.25150662660598755],[1.6917803287506104],[105.51293558316375],[0.4587969183921814],[-0.9835380911827087],[-22.728712720578468]
[0.25124499201774597],[1.6771845817565918],[113.69939535209576],[0.4701039493083954],[-0.988240659236908],[-22.43589391737082]
[0.2524004876613617],[1.6670265197753906],[119.41573499496982],[0.4781191051006317],[-0.9916267991065979],[-22.37874650177528]
[0.2543688416481018],[1.6574721336364746],[124.69150599672497],[0.48631271719932556],[-0.9949389696121216],[-22.20884720394302]
[0.2566884458065033],[1.6502361297607422],[128.51245546163935],[0.49303892254829407],[-0.9975599050521851],[-22.328159828837247]
[0.25997087359428406],[1.641804575920105],[133.22527633949505],[0.501310408115387],[-1.0008289813995361],[-22.489277456415522]
[0.2638913691043854],[1.6336584091186523],[137.17504618956815],[0.5097875595092773],[-1.0042705535888672],[-22.686016497278345]
[0.27213791012763977],[1.621855616569519],[142.8920511018895],[0.5230752825737],[-1.0097275972366333],[-22.68830245388196]
[0.2775948643684387],[1.614725947380066],[145.9600634871313],[0.5311678051948547],[-1.0130550861358643],[-22.509965843868322]
[0.28384146094322205],[1.6082159280776978],[148.5804210144512],[0.5393582582473755],[-1.0163838863372803],[-22.45947440460573]
[0.2896127700805664],[1.6023303270339966],[150.66354296562133],[0.5475789904594421],[-1.0195393562316895],[-22.697479222062658]
[0.29453083872795105],[1.5976274013519287],[152.38594009365585],[0.553999662399292],[-1.0222376585006714],[-22.64500968200731]
[0.30088382959365845],[1.5925244092941284],[154.11292146083957],[0.5623154044151306],[-1.0255992412567139],[-22.64543820462509]
[0.30695199966430664],[1.588277816772461],[154.6651194929021],[0.5704270601272583],[-1.0289710760116577],[-22.54813129557521]
[0.31307899951934814],[1.5843662023544312],[154.28987203228337],[0.5785218477249146],[-1.0322237014770508],[-22.41804908015969]
[0.3188871443271637],[1.5806937217712402],[153.6777569163993],[0.5865390300750732],[-1.0355019569396973],[-22.29515101279393]
[0.3232755959033966],[1.5783202648162842],[152.82154818304932],[0.5930222272872925],[-1.0381544828414917],[-22.626719832489748]
[0.32963794469833374],[1.5745835304260254],[151.0581830247223],[0.6031410098075867],[-1.0424093008041382],[-22.89675826147334]
[0.33512499928474426],[1.5711780786514282],[148.95513425868418],[0.6115941405296326],[-1.045770525932312],[-22.8950189511785]
[0.3416551351547241],[1.5664901733398438],[146.29518012730435],[0.6214177012443542],[-1.0497692823410034],[-22.689273257746905]
[0.3472868800163269],[1.56261146068573],[143.95221171444493],[0.6295738816261292],[-1.0531867742538452],[-22.566129919726052]
[0.3522731065750122],[1.5590331554412842],[141.44994918483027],[0.6377092003822327],[-1.0564199686050415],[-22.52658796134357]
[0.3583439290523529],[1.5544711351394653],[138.1057888708354],[0.6475592255592346],[-1.0604221820831299],[-22.581622505090213]
[0.3629320561885834],[1.5509567260742188],[134.5572729953428],[0.6558099985122681],[-1.0637283325195312],[-22.55807881159328]
[0.36716392636299133],[1.5469547510147095],[130.9865527243479],[0.6638906002044678],[-1.066983699798584],[-22.521348437715446]
[0.3703444004058838],[1.5439834594726562],[128.36188404282476],[0.67026686668396],[-1.069703459739685],[-22.378940347830046]
[0.3750215470790863],[1.5380206108093262],[124.84413692319697],[0.6799697875976562],[-1.073553204536438],[-22.453055768727726]
[0.3797460198402405],[1.530450701713562],[121.20020941093011],[0.691491425037384],[-1.0782355070114136],[-23.384068682943045]
[0.3830314576625824],[1.5250427722930908],[118.25974344949412],[0.6996840834617615],[-1.0817852020263672],[-24.041322750575226]
[0.38764622807502747],[1.516568660736084],[112.86149685218456],[0.7123985886573792],[-1.0874155759811401],[-24.787115025208017]
[0.3901662528514862],[1.5115491151809692],[109.12148551107312],[0.7202468514442444],[-1.0909814834594727],[-24.721876622988052]
[0.39245250821113586],[1.5063159465789795],[105.81987684629676],[0.7282940745353699],[-1.0946917533874512],[-24.474806770644538]
[0.39440613985061646],[1.4996438026428223],[101.89424127724504],[0.7380959987640381],[-1.0989525318145752],[-24.47965992767594]
[0.39585214853286743],[1.4936641454696655],[98.87017883019705],[0.7461768984794617],[-1.102659821510315],[-24.61837498271638]
[0.396954745054245],[1.4872734546661377],[95.88256552732794],[0.7543430328369141],[-1.1062432527542114],[-24.67538305880732]
[0.3979797065258026],[1.479943037033081],[91.87601296309059],[0.7637333273887634],[-1.110613226890564],[-24.401450749812064]
[0.3983226716518402],[1.4750969409942627],[89.67621824734726],[0.770194947719574],[-1.1134740114212036],[-24.32301639803947]
[0.3981941342353821],[1.467777967453003],[86.5687630619752],[0.779839277267456],[-1.1177634000778198],[-24.438159202912722]
[0.3982029855251312],[1.462441325187683],[83.95431542515657],[0.7882584929466248],[-1.1213874816894531],[-24.721087326672855]
[0.3969746232032776],[1.4568021297454834],[81.57560516093237],[0.796541690826416],[-1.1251267194747925],[-24.752308632437188]
[0.39673393964767456],[1.45100998878479],[78.20280056293257],[0.8046689629554749],[-1.1287661790847778],[-24.634801592898675]
[0.3961084485054016],[1.4455461502075195],[75.21381497489875],[0.812549889087677],[-1.1324219703674316],[-24.522121856465223]
[0.3943241238594055],[1.4396690130233765],[72.59469899561503],[0.8206708431243896],[-1.1360684633255005],[-24.46556107941857]
[0.3926486074924469],[1.4340698719024658],[70.29839978595876],[0.8285812735557556],[-1.1396867036819458],[-24.700063874491555]
[0.389759361743927],[1.4262065887451172],[67.3166900970221],[0.8400701284408569],[-1.1447793245315552],[-24.666500648097152]
[0.3869583308696747],[1.4207056760787964],[65.64391800575164],[0.8482236862182617],[-1.1481730937957764],[-24.64400527223404]
[0.384577214717865],[1.4160890579223633],[64.1672288592346],[0.854208767414093],[-1.151280403137207],[-24.396618436405028]
[0.38125577569007874],[1.4104136228561401],[62.640844820555934],[0.8622565865516663],[-1.1548056602478027],[-24.225801350844378]
[0.3778148591518402],[1.4051140546798706],[61.26048616480467],[0.8705403804779053],[-1.1583071947097778],[-24.472483127739103]
[0.37464019656181335],[1.4000585079193115],[60.02297943848922],[0.8787596821784973],[-1.1620714664459229],[-25.062390739751795]
[0.3721531331539154],[1.3954269886016846],[58.24549394756706],[0.8869196176528931],[-1.1658368110656738],[-25.571772657402537]
[0.3690171539783478],[1.3907358646392822],[56.55255990308335],[0.8946734666824341],[-1.1695616245269775],[-26.204431392004533]
[0.3656659424304962],[1.3865448236465454],[55.05079849676349],[0.9024497866630554],[-1.1733630895614624],[-26.582870568705694]
[0.36087849736213684],[1.3809460401535034],[53.597539328632976],[0.9115633368492126],[-1.1779820919036865],[-26.793466794203074]
[0.35682249069213867],[1.3763843774795532],[52.775736415538745],[0.9193289875984192],[-1.1817467212677002],[-27.017874933910708]
[0.3525763154029846],[1.3718137741088867],[52.170753668727045],[0.9270617365837097],[-1.1856880187988281],[-27.354737402669773]
[0.34363266825675964],[1.3629426956176758],[51.458253013051916],[0.9425864815711975],[-1.193724513053894],[-27.706653540387453]
[0.33928385376930237],[1.3586816787719727],[51.182243436876234],[0.950421154499054],[-1.1979031562805176],[-27.566313867363238]
[0.3325805366039276],[1.351751685142517],[50.493057702247576],[0.962845504283905],[-1.2042853832244873],[-28.214872662779413]
[0.3291530907154083],[1.348427414894104],[50.29089073185135],[0.9694451093673706],[-1.2075231075286865],[-28.989783143006285]
[0.32442706823349],[1.3442559242248535],[50.54229382330259],[0.9768424034118652],[-1.2117562294006348],[-29.488379751633047]
[0.3196314871311188],[1.340137243270874],[51.257449059842465],[0.9841575026512146],[-1.216119647026062],[-29.742722967080265]
[0.31028786301612854],[1.3323757648468018],[52.849864706401185],[0.9973257184028625],[-1.2233463525772095],[-29.39220188686986]
[0.3055071234703064],[1.3277108669281006],[53.566493295568925],[1.004173994064331],[-1.2275465726852417],[-29.50057676052471]
[0.3010169267654419],[1.3233582973480225],[54.15015167494389],[1.0116639137268066],[-1.2313646078109741],[-29.615338334441205]
[0.2973332107067108],[1.3199516534805298],[54.63605746924912],[1.0173357725143433],[-1.2346433401107788],[-29.69302443017181]
[0.2935771644115448],[1.3159440755844116],[55.09117949638169],[1.0246409177780151],[-1.2385826110839844],[-29.563766272332234]
[0.2891627252101898],[1.311950922012329],[55.636746720406805],[1.0314797163009644],[-1.2425559759140015],[-29.466437747533707]
[0.2858057916164398],[1.3083487749099731],[56.45185962984623],[1.037283182144165],[-1.2456748485565186],[-29.184642293914226]
[0.2805975675582886],[1.3028898239135742],[57.54383659069279],[1.0461229085922241],[-1.2504631280899048],[-29.335784468902524]
[0.2749069631099701],[1.2968741655349731],[59.39090325356287],[1.0548169612884521],[-1.2553682327270508],[-29.712588786884577]
[0.26803335547447205],[1.2894283533096313],[61.86766323327099],[1.0649830102920532],[-1.261526107788086],[-29.815161593663802]
[0.2621344029903412],[1.282554268836975],[64.23006435617258],[1.0753024816513062],[-1.266926884651184],[-29.606775006239044]
[0.25825557112693787],[1.277705430984497],[65.73354539891498],[1.0824453830718994],[-1.270761251449585],[-29.416073982494222]
[0.2546737492084503],[1.2726986408233643],[67.18054946641293],[1.0895780324935913],[-1.2750418186187744],[-29.49855965691077]
[0.25084394216537476],[1.2672483921051025],[68.99072533936993],[1.0965036153793335],[-1.278796911239624],[-29.628618616832227]
[0.24301183223724365],[1.2559494972229004],[73.77069276937385],[1.1094200611114502],[-1.2861872911453247],[-29.754978134190456]
[0.23913846909999847],[1.249129295349121],[76.14932999036581],[1.1173630952835083],[-1.2903457880020142],[-29.457177802367976]
[0.23691736161708832],[1.2448196411132812],[77.51019295310951],[1.1222602128982544],[-1.2932239770889282],[-29.30676061076356]
[0.23409239947795868],[1.239226222038269],[79.69073200706913],[1.1289364099502563],[-1.2971116304397583],[-29.471422038315925]
[0.23059913516044617],[1.2317994832992554],[82.96990482563731],[1.1375433206558228],[-1.3015542030334473],[-29.276849435576867]
[0.2282780408859253],[1.2267072200775146],[85.32648666439718],[1.1427873373031616],[-1.304277777671814],[-29.473678168161104]
[0.22611580789089203],[1.2202283143997192],[88.25222574831173],[1.1488051414489746],[-1.3078721761703491],[-30.0994390741342]
[0.22345955669879913],[1.2136706113815308],[91.25052386609003],[1.15482497215271],[-1.3113974332809448],[-29.996380499352025]
[0.2227695733308792],[1.2087063789367676],[93.21621438610192],[1.1594988107681274],[-1.3140798807144165],[-30.092275404947078]
[0.22072772681713104],[1.199029564857483],[96.62640535052527],[1.1688090562820435],[-1.3194279670715332],[-29.34851699648249]
[0.21952424943447113],[1.1908365488052368],[99.79973227193706],[1.1769640445709229],[-1.323940634727478],[-28.403300414762242]
[0.21891401708126068],[1.184919834136963],[101.96078008760256],[1.1831309795379639],[-1.3269274234771729],[-28.21677112950073]
[0.21887555718421936],[1.1781710386276245],[104.1668187003705],[1.1888401508331299],[-1.3298906087875366],[-28.712815834687532]
[0.21874333918094635],[1.170107364654541],[106.76427526431583],[1.195601463317871],[-1.3336095809936523],[-28.896320362072487]
[0.2193794995546341],[1.1623011827468872],[108.63525124399192],[1.2024104595184326],[-1.3371995687484741],[-28.73513461419406]
[0.21992461383342743],[1.1563409566879272],[110.06498040761687],[1.20770263671875],[-1.3402348756790161],[-28.504068031468652]
[0.2206050157546997],[1.1510323286056519],[111.43692052691654],[1.213093876838684],[-1.342933177947998],[-28.10616798243165]
[0.22193114459514618],[1.1435167789459229],[113.06704168189634],[1.2199337482452393],[-1.346958041191101],[-28.463791356878573]
[0.22291304171085358],[1.1383463144302368],[113.83512169051399],[1.2258219718933105],[-1.349685549736023],[-28.551035230143757]
[0.22409211099147797],[1.1339714527130127],[114.18634547248413],[1.2293493747711182],[-1.3519519567489624],[-28.91954890077902]
[0.22585660219192505],[1.1273313760757446],[114.81445277423907],[1.2359505891799927],[-1.3550857305526733],[-29.241117066342238]
[0.22731027007102966],[1.1219961643218994],[115.19585361788957],[1.2402364015579224],[-1.357616662979126],[-29.21856774883486]
[0.2295282930135727],[1.1149579286575317],[115.4045429587621],[1.2463041543960571],[-1.3610321283340454],[-28.733998333139294]
[0.2307145893573761],[1.1111125946044922],[115.38580944536626],[1.250077486038208],[-1.3629306554794312],[-28.379959628138323]
[0.2328941524028778],[1.1046580076217651],[115.17522355264998],[1.2559863328933716],[-1.3663631677627563],[-28.669032911827667]
[0.23509851098060608],[1.098313331604004],[114.31556103273475],[1.2619800567626953],[-1.369486689567566],[-28.4477799235184]
[0.23649939894676208],[1.093786597251892],[114.02700294018162],[1.2658220529556274],[-1.3717604875564575],[-28.942138604005095]
[0.23878033459186554],[1.0856300592422485],[113.82114147801522],[1.2729597091674805],[-1.375123143196106],[-29.06471725357135]
[0.240315243601799],[1.0804994106292725],[113.68128080690492],[1.276652216911316],[-1.3774232864379883],[-29.26781933653925]
[0.24199579656124115],[1.075819492340088],[112.52414817518846],[1.280618667602539],[-1.3792847394943237],[-29.227247838131717]
[0.24359355866909027],[1.0716336965560913],[110.8698716128136],[1.283516764640808],[-1.3807423114776611],[-29.09911902155911]
[0.24518074095249176],[1.0677071809768677],[108.93336217731276],[1.2868767976760864],[-1.3824361562728882],[-28.994434969302883]
[0.24670857191085815],[1.0632874965667725],[106.67621934719169],[1.29139244556427],[-1.3848590850830078],[-28.780929491334103]
[0.24850334227085114],[1.0573184490203857],[104.18554733877309],[1.297056794166565],[-1.3878908157348633],[-28.908878379024454]
[0.2493928223848343],[1.0535145998001099],[102.5912825643688],[1.2999889850616455],[-1.3896452188491821],[-28.831941071567464]
[0.25037217140197754],[1.0484800338745117],[100.86292995699702],[1.3037875890731812],[-1.3919185400009155],[-28.634823612496923]
[0.2510423958301544],[1.0439637899398804],[99.4912599800232],[1.3069242238998413],[-1.3935363292694092],[-28.828200610510088]
[0.2522488534450531],[1.0379363298416138],[97.12930678348002],[1.3111737966537476],[-1.3957656621932983],[-29.35739876318598]
[0.25321683287620544],[1.0269520282745361],[92.92471293067476],[1.3183300495147705],[-1.3998922109603882],[-28.991626278464153]
[0.2531094253063202],[1.023024559020996],[91.58493207753327],[1.320776104927063],[-1.4011200666427612],[-29.135415016049613]
[0.25328144431114197],[1.0188467502593994],[89.87021786525968],[1.3234795331954956],[-1.4024168252944946],[-29.24819819735156]
[0.2531992793083191],[1.0147491693496704],[88.32381288621747],[1.3259111642837524],[-1.4039430618286133],[-29.050194671100904]
[0.25301676988601685],[1.010553240776062],[86.62164145083698],[1.3285448551177979],[-1.4053318500518799],[-28.885230722689016]
[0.2527991533279419],[1.0065631866455078],[84.96526485052793],[1.3311623334884644],[-1.4063359498977661],[-28.670389268775924]
[0.2524092197418213],[1.002366304397583],[83.33611050134718],[1.3338180780410767],[-1.4078179597854614],[-28.824757727024306]
[0.251991868019104],[0.9989898204803467],[82.13816866548892],[1.3363442420959473],[-1.4088759422302246],[-29.037973130903342]
[0.25107696652412415],[0.9946867227554321],[80.6903622803303],[1.3382991552352905],[-1.410226583480835],[-28.841273791968316]
[0.25061678886413574],[0.9913926720619202],[79.50520625770307],[1.3400096893310547],[-1.4114543199539185],[-28.87800204521626]
[0.250012069940567],[0.9873164296150208],[77.83086149763297],[1.3423115015029907],[-1.412348747253418],[-28.874371508219298]
[0.24864813685417175],[0.9816334247589111],[75.50968424315325],[1.344957947731018],[-1.4138263463974],[-29.10436294269728]
[0.24774976074695587],[0.9775344729423523],[73.7624306864304],[1.3467621803283691],[-1.41482675075531],[-28.831746415560392]
[0.24639515578746796],[0.9734731316566467],[72.33053588717988],[1.3484785556793213],[-1.415697455406189],[-28.860331859505052]
[0.2442817986011505],[0.9684568047523499],[71.30814866837464],[1.3510782718658447],[-1.4171029329299927],[-28.782013064982262]
[0.2426893413066864],[0.9643208384513855],[70.28759250524246],[1.3532592058181763],[-1.41832435131073],[-28.759545489690836]
[0.24127285182476044],[0.9614464044570923],[69.51202401590785],[1.3554043769836426],[-1.419346570968628],[-28.901086050925677]
[0.2398558408021927],[0.9578360319137573],[68.15342811871959],[1.3575412034988403],[-1.4207375049591064],[-28.829935025571093]
[0.23882991075515747],[0.9552328586578369],[67.10690904634126],[1.3588333129882812],[-1.42142915725708],[-29.07719594103542]
[0.237425297498703],[0.9518765807151794],[65.71578187776878],[1.3605237007141113],[-1.422366738319397],[-28.467452434988576]
[0.23431254923343658],[0.9464122653007507],[64.00293569296348],[1.3629344701766968],[-1.4234373569488525],[-28.637339637104997]
[0.23178423941135406],[0.9415600299835205],[62.738197416443164],[1.365374207496643],[-1.4247844219207764],[-28.537501052003332]
[0.2292986512184143],[0.9381591081619263],[62.360831358282034],[1.365985631942749],[-1.4252458810806274],[-29.04859830530375]
[0.226440891623497],[0.9341109395027161],[62.191211561758415],[1.3678566217422485],[-1.4261301755905151],[-29.168054264000137]
[0.22401055693626404],[0.9303113222122192],[61.977520129898274],[1.3696013689041138],[-1.427115797996521],[-28.82765596424257]
[0.22166195511817932],[0.9268462061882019],[61.226908936437795],[1.371129035949707],[-1.4282602071762085],[-28.4375865982591]
[0.21944664418697357],[0.9233403205871582],[60.67627845458964],[1.3729674816131592],[-1.4290075302124023],[-28.19148519303008]
[0.21720920503139496],[0.9205740094184875],[60.613258090750385],[1.373732328414917],[-1.4296787977218628],[-28.474449259389893]
[0.21289260685443878],[0.9151442050933838],[61.015952858368934],[1.3764888048171997],[-1.430939793586731],[-28.89904840060517]
[0.2107658088207245],[0.9125107526779175],[61.275389934061586],[1.3776096105575562],[-1.431513786315918],[-29.34723283558082]
[0.2079934924840927],[0.9085697531700134],[61.172700704115684],[1.3796590566635132],[-1.432691216468811],[-29.222236758779932]
[0.20469160377979279],[0.9047943949699402],[61.60934485989643],[1.381008267402649],[-1.4333306550979614],[-29.453073491533743]
[0.2020663321018219],[0.9013335704803467],[62.327873137670196],[1.3826338052749634],[-1.4344183206558228],[-29.393473933813848]
[0.19937178492546082],[0.8979095816612244],[63.16351687823708],[1.3835266828536987],[-1.434881567955017],[-29.662227048403583]
[0.19661502540111542],[0.8944281339645386],[64.06218741890537],[1.3843193054199219],[-1.4353502988815308],[-30.05127585317783]
[0.19327004253864288],[0.8900536894798279],[65.07569884750603],[1.3857154846191406],[-1.4361572265625],[-28.699029911168434]
[0.19065320491790771],[0.8864164352416992],[65.75084593832928],[1.385887861251831],[-1.436221718788147],[-29.620666447164954]
[0.18766099214553833],[0.8824436664581299],[66.90984345936069],[1.3869048357009888],[-1.4368337392807007],[-30.064033438936647]
[0.18480560183525085],[0.8786372542381287],[68.2448919049756],[1.3889658451080322],[-1.4379525184631348],[-29.283454061602075]
[0.1814381331205368],[0.874108076095581],[69.97915524910572],[1.389305830001831],[-1.4384121894836426],[-30.104885807357295]
[0.1795884668827057],[0.8712479472160339],[70.92202682450845],[1.39116370677948],[-1.4392048120498657],[-28.885215713413263]
[0.17724716663360596],[0.867429256439209],[72.03977187088034],[1.392443299293518],[-1.4400180578231812],[-28.96265353945939]
[0.17178823053836823],[0.8583080768585205],[75.25455632234723],[1.3945887088775635],[-1.4411826133728027],[-29.40501519660175]
[0.16910123825073242],[0.8539260029792786],[77.21859233231233],[1.3956719636917114],[-1.4418848752975464],[-29.26769736862408]
[0.16666816174983978],[0.849484384059906],[79.36238174074941],[1.396563172340393],[-1.4425984621047974],[-29.562894359898184]
[0.16487760841846466],[0.8458823561668396],[81.1980495113307],[1.3982840776443481],[-1.4433211088180542],[-28.883417685896145]
[0.1622498631477356],[0.8406917452812195],[84.04132188280312],[1.3990447521209717],[-1.4436959028244019],[-29.829521782020407]
[0.16060253977775574],[0.8367273807525635],[85.83966584909815],[1.3998281955718994],[-1.4440391063690186],[-29.8637978074704]
[0.1590791940689087],[0.8326776623725891],[87.69317290765571],[1.4014557600021362],[-1.4449948072433472],[-28.815487592874902]
[0.15752147138118744],[0.8278396725654602],[89.6732909016289],[1.401685357093811],[-1.4450398683547974],[-29.398957767940164]
[0.15648820996284485],[0.8243584632873535],[91.28239735616646],[1.4023423194885254],[-1.4454505443572998],[-29.496596139877248]
[0.15522798895835876],[0.8198667764663696],[93.40583764713988],[1.4041258096694946],[-1.4465283155441284],[-28.915067865491437]
[0.15435418486595154],[0.8161242604255676],[95.00725568511932],[1.4044266939163208],[-1.4467089176177979],[-29.66114555290941]
[0.1533593088388443],[0.8104771971702576],[97.42157707698041],[1.405707597732544],[-1.4474059343338013],[-30.002679377705473]
[0.15246643126010895],[0.8037316799163818],[100.1665326830927],[1.4074857234954834],[-1.4479855298995972],[-30.049068371133682]
[0.15178290009498596],[0.7987444400787354],[102.44616970802478],[1.4081593751907349],[-1.4483846426010132],[-30.244083757509912]
[0.1513928920030594],[0.7941714525222778],[104.3767879593624],[1.4096261262893677],[-1.4492170810699463],[-29.053926601460123]
[0.15126295387744904],[0.7897768020629883],[105.91542998799261],[1.4090402126312256],[-1.448739767074585],[-29.169161429210664]
[0.15149560570716858],[0.786029040813446],[107.02951135993607],[1.4102381467819214],[-1.4497050046920776],[-27.399223457522364]
[0.15178489685058594],[0.7818464636802673],[108.06522823312412],[1.4116151332855225],[-1.4504754543304443],[-27.682124339246716]
[0.1520811915397644],[0.778980553150177],[108.99726723836632],[1.411124587059021],[-1.450452446937561],[-28.7446324472208]
[0.15254926681518555],[0.7753822207450867],[109.72791540241869],[1.4130703210830688],[-1.4509727954864502],[-27.976542469441917]
[0.15341193974018097],[0.7706637978553772],[110.48511679620253],[1.412784218788147],[-1.4508072137832642],[-28.3968994073752]
[0.15373815596103668],[0.7672703266143799],[111.3110600155626],[1.4125455617904663],[-1.4508755207061768],[-29.709371150338182]
[0.15447184443473816],[0.7627557516098022],[112.27453087562053],[1.4143120050430298],[-1.451867699623108],[-28.3031330213769]
[0.15511803328990936],[0.7596686482429504],[112.53026793683352],[1.4152204990386963],[-1.4523749351501465],[-28.350542502553274]
[0.1558520644903183],[0.7566243410110474],[112.83062478969873],[1.4155231714248657],[-1.4522286653518677],[-28.553356978860617]
[0.15658462047576904],[0.7535567283630371],[112.89885562248996],[1.415703535079956],[-1.4523106813430786],[-28.51542725739016]
[0.15773679316043854],[0.7495954632759094],[112.54635976742102],[1.4157229661941528],[-1.4523259401321411],[-28.571790530291196]
[0.15860934555530548],[0.74697345495224],[112.20965825362298],[1.416084885597229],[-1.4527987241744995],[-28.516602800356793]
[0.1600043773651123],[0.7422126531600952],[111.63379742887577],[1.4181469678878784],[-1.453681230545044],[-28.562040212291883]
[0.16167007386684418],[0.7370409965515137],[110.69690067317892],[1.418689250946045],[-1.453892707824707],[-28.461403947726282]
[0.16244041919708252],[0.7346875667572021],[110.11068649815294],[1.4185922145843506],[-1.4541202783584595],[-28.232975857860044]
[0.1634812206029892],[0.731885552406311],[109.0051806965842],[1.4189796447753906],[-1.4540654420852661],[-28.724043826613283]
[0.16424517333507538],[0.7297689318656921],[107.92161336528727],[1.4193538427352905],[-1.4542285203933716],[-28.81895280709899]
[0.16509480774402618],[0.7271196246147156],[106.72418714251826],[1.4206187725067139],[-1.4548923969268799],[-27.59859688689154]
[0.1658376157283783],[0.724939227104187],[105.8016681457938],[1.4209518432617188],[-1.4550808668136597],[-28.419454660377706]
[0.16676144301891327],[0.7219570875167847],[104.25288536974578],[1.421876311302185],[-1.4556479454040527],[-29.081166372237224]
[0.16762889921665192],[0.719467043876648],[102.87801527941191],[1.4228577613830566],[-1.4562690258026123],[-28.999913877385083]
[0.16837598383426666],[0.7161101698875427],[101.35204284644814],[1.4223079681396484],[-1.4559385776519775],[-29.63397921371072]
[0.16898156702518463],[0.7134632468223572],[100.19762466078083],[1.422336220741272],[-1.4558511972427368],[-29.031562371611646]
[0.16942529380321503],[0.7107582688331604],[99.07980587518134],[1.4233516454696655],[-1.4567996263504028],[-27.473789459731876]
[0.16992416977882385],[0.7077664136886597],[98.02359344713778],[1.4237430095672607],[-1.4570187330245972],[-28.221230169974884]
[0.1704690307378769],[0.7043390870094299],[96.12957389219586],[1.4247453212738037],[-1.4572538137435913],[-28.93808037014771]
[0.17115609347820282],[0.7007062435150146],[93.90283019343775],[1.4252878427505493],[-1.4577972888946533],[-29.36249923359046]
[0.17148052155971527],[0.697016179561615],[91.78523569678616],[1.4253640174865723],[-1.4575848579406738],[-29.18866603474239]
[0.17197954654693604],[0.694494366645813],[89.56156399437299],[1.4262031316757202],[-1.4583263397216797],[-27.490463572919722]
[0.17269638180732727],[0.6919785737991333],[86.50597883060998],[1.4257240295410156],[-1.4579479694366455],[-27.528340077140864]
[0.17291872203350067],[0.6902053952217102],[84.99168121727472],[1.4264558553695679],[-1.458115816116333],[-28.001071443382504]
[0.1736655980348587],[0.6879708170890808],[81.3244736859317],[1.427944540977478],[-1.4591619968414307],[-29.066680920266748]
[0.17311392724514008],[0.685115396976471],[80.46058560075896],[1.428861379623413],[-1.459749460220337],[-29.83982243554679]
[0.17233732342720032],[0.6825361847877502],[80.0536609519781],[1.4294812679290771],[-1.4600642919540405],[-30.04236925649699]
[0.17188066244125366],[0.6793847680091858],[78.82716163233496],[1.4299640655517578],[-1.4603633880615234],[-29.236059398064093]
[0.1715373396873474],[0.6761442422866821],[76.70232922705365],[1.4300212860107422],[-1.4603091478347778],[-28.861213760645676]
[0.1714886575937271],[0.6738598346710205],[74.74882134245783],[1.4300174713134766],[-1.46030592918396],[-28.87934633516069]
[0.17120373249053955],[0.671744167804718],[72.98976159879157],[1.430027961730957],[-1.460307240486145],[-28.872976609189237]
[0.17096006870269775],[0.6702148914337158],[71.80277712180082],[1.4303548336029053],[-1.4604852199554443],[-29.041078699423135]
[0.17013195157051086],[0.6676393151283264],[70.85735827058176],[1.4324374198913574],[-1.4614142179489136],[-28.71366062521916]
[0.16948983073234558],[0.6654952764511108],[70.0570216014933],[1.432936668395996],[-1.4616154432296753],[-29.409322725452526]
[0.16785144805908203],[0.6616114974021912],[68.51251345797007],[1.4347872734069824],[-1.4626554250717163],[-28.12363555601111]
[0.16687418520450592],[0.6588884592056274],[67.23058976674795],[1.4348244667053223],[-1.4629522562026978],[-27.79554000991971]
[0.16433729231357574],[0.65378338098526],[65.70286832690789],[1.4348037242889404],[-1.4629805088043213],[-27.78455224074484]
[0.16274473071098328],[0.651026725769043],[65.20798032691212],[1.4350205659866333],[-1.4630905389785767],[-27.548139339934455]
[0.16169776022434235],[0.6489583253860474],[64.30811684791337],[1.4355493783950806],[-1.4634078741073608],[-27.542760454371756]
[0.1612168699502945],[0.6472651362419128],[63.095042533805234],[1.4362422227859497],[-1.4641169309616089],[-27.731485940701585]
[0.15954965353012085],[0.6440010070800781],[61.781591115674225],[1.4372270107269287],[-1.4643498659133911],[-28.40298426056548]
[0.15801921486854553],[0.6416900753974915],[61.25908308956345],[1.4383046627044678],[-1.4648996591567993],[-27.71687015351082]
[0.15625455975532532],[0.6391058564186096],[60.83023204913481],[1.438757300376892],[-1.4651362895965576],[-27.73058916168538]
[0.15432558953762054],[0.6364249587059021],[60.477128364765],[1.4389047622680664],[-1.4649478197097778],[-27.81278203174995]
[0.15270569920539856],[0.6340171098709106],[59.888678704916],[1.4389430284500122],[-1.4649690389633179],[-27.78475321625824]
[0.15115337073802948],[0.6318373680114746],[59.64123138105363],[1.4391099214553833],[-1.4650779962539673],[-27.995107430196867]
[0.14931361377239227],[0.629605770111084],[59.64943893542207],[1.4393881559371948],[-1.4655392169952393],[-28.362570974561738]
[0.14704130589962006],[0.6267905831336975],[59.88515880548054],[1.4404946565628052],[-1.4661808013916016],[-29.573884795242115]
[0.14510537683963776],[0.6242489218711853],[59.695602418870735],[1.4415531158447266],[-1.4665004014968872],[-30.722633311301045]
[0.14320498704910278],[0.6217049956321716],[59.56030861782654],[1.4417967796325684],[-1.4666485786437988],[-30.757356249245795]
[0.1413242220878601],[0.6193534135818481],[59.61267214489962],[1.441912293434143],[-1.466945767402649],[-30.97997881054056]
[0.13971228897571564],[0.6174079179763794],[59.743968704554376],[1.4422931671142578],[-1.4669181108474731],[-31.455868423835323]
[0.13771650195121765],[0.6152046918869019],[60.25033744869939],[1.4417147636413574],[-1.4668807983398438],[-31.62862757440064]
[0.13585199415683746],[0.6130146384239197],[60.887351090742065],[1.4429304599761963],[-1.46737539768219],[-30.096813577513]
[0.13368560373783112],[0.6107116341590881],[61.74607395396767],[1.4430795907974243],[-1.4674502611160278],[-29.701467596680068]
[0.13199186325073242],[0.6086873412132263],[62.49717953816199],[1.4431418180465698],[-1.467478632926941],[-29.65738256188789]
[0.12981919944286346],[0.6060047149658203],[63.53709485941915],[1.4431188106536865],[-1.467471718788147],[-29.698000142890862]
[0.12741099298000336],[0.6032630801200867],[64.64809405497726],[1.4431705474853516],[-1.4674783945083618],[-29.547640295418883]
[0.12483689188957214],[0.6005570888519287],[66.42459861762786],[1.4434877634048462],[-1.467666506767273],[-29.13495243854437]
[0.12235477566719055],[0.5979098081588745],[68.42144460960976],[1.4438470602035522],[-1.4677870273590088],[-29.550249213823015]
[0.12005557864904404],[0.5950509905815125],[70.02440237637617],[1.4453626871109009],[-1.4687262773513794],[-29.14832251601061]
[0.11867741495370865],[0.5930365920066833],[70.6746099737307],[1.4465783834457397],[-1.4694167375564575],[-29.388580666723367]
[0.11678983271121979],[0.5902904868125916],[71.89346929017698],[1.4465519189834595],[-1.4692832231521606],[-29.529382444706663]
[0.1148860827088356],[0.5874935984611511],[73.5598508026091],[1.4465636014938354],[-1.4693061113357544],[-29.388022519085226]
[0.11281148344278336],[0.5845139026641846],[75.7165506132203],[1.4465516805648804],[-1.4693031311035156],[-29.414523791087554]
[0.10974311083555222],[0.5802547335624695],[78.90796310153172],[1.4476139545440674],[-1.4700005054473877],[-29.441545776612234]
[0.1077246442437172],[0.5773965716362],[81.82347425984692],[1.4481456279754639],[-1.4706095457077026],[-30.0712086593461]
[0.10605795681476593],[0.5743498206138611],[84.06479606665536],[1.448670506477356],[-1.4709488153457642],[-30.738304674199632]
[0.10467018187046051],[0.5708009004592896],[85.52015033448828],[1.4488413333892822],[-1.4707982540130615],[-31.060099172305492]
[0.10337431728839874],[0.5674673318862915],[87.2722995702927],[1.4487159252166748],[-1.4709903001785278],[-30.81828072564687]
[0.10161352157592773],[0.5638038516044617],[89.97824038303021],[1.448725938796997],[-1.4709913730621338],[-30.792020628978904]
[0.10031166672706604],[0.5608513951301575],[92.86618184233096],[1.4486958980560303],[-1.4709528684616089],[-30.819897463329287]
[0.09885280579328537],[0.5572422742843628],[96.10206085332999],[1.4487979412078857],[-1.4709628820419312],[-30.474528465779457]
[0.0975828617811203],[0.5537005066871643],[99.18320107626863],[1.449535608291626],[-1.4714168310165405],[-29.437683693065097]
[0.09700322151184082],[0.5510736703872681],[101.65044072039855],[1.4496873617172241],[-1.471524953842163],[-28.979178145280414]
[0.09620130807161331],[0.546624481678009],[104.79059663279328],[1.449124813079834],[-1.471156120300293],[-29.36061710891179]
[0.09566280990839005],[0.5428083539009094],[107.58792944272416],[1.4491223096847534],[-1.4711507558822632],[-29.379317931619944]
[0.09555300325155258],[0.5398429036140442],[109.6228464247275],[1.4492847919464111],[-1.4709833860397339],[-29.555584138149136]
[0.0956883504986763],[0.536346435546875],[111.22912246516809],[1.4492779970169067],[-1.4709737300872803],[-29.55725026469229]
[0.09586216509342194],[0.5338459610939026],[112.66627275960904],[1.449126124382019],[-1.471138596534729],[-29.3750451467095]
[0.0958535298705101],[0.5299716591835022],[115.20717874577846],[1.4491130113601685],[-1.4711556434631348],[-29.372480180600753]
[0.09582718461751938],[0.5266082882881165],[118.04768789116022],[1.4491251707077026],[-1.4711490869522095],[-29.37576812350118]
[0.09620106220245361],[0.5231115818023682],[120.74284686547756],[1.4492576122283936],[-1.4709515571594238],[-29.56062637600347]
[0.09667825698852539],[0.5208256840705872],[121.8405710233439],[1.4491169452667236],[-1.4711579084396362],[-29.38424280152722]
[0.09763568639755249],[0.5174720883369446],[122.90962936832832],[1.449122667312622],[-1.4711365699768066],[-29.368496610438015]
[0.0987846627831459],[0.5143914222717285],[123.66176922545313],[1.4491214752197266],[-1.4711461067199707],[-29.371791506590608]
[0.09990976750850677],[0.5113710165023804],[124.52671256352397],[1.4492650032043457],[-1.470946192741394],[-29.553100982258474]
[0.10067933052778244],[0.5090341567993164],[125.1548916833282],[1.4491150379180908],[-1.47116219997406],[-29.36926510343452]
[0.10155267268419266],[0.5066898465156555],[126.04034084215553],[1.4491281509399414],[-1.4711655378341675],[-29.370237764947884]
[0.10265350341796875],[0.5045062303543091],[126.42236442504525],[1.4492664337158203],[-1.4709707498550415],[-29.55665457743396]
[0.10375333577394485],[0.5024494528770447],[126.2795097713824],[1.4491169452667236],[-1.4711734056472778],[-29.370770333569745]
[0.10551540553569794],[0.500097930431366],[125.41832892489182],[1.449270486831665],[-1.4709398746490479],[-29.54953227899998]
[0.10689713805913925],[0.49828004837036133],[123.95241257329745],[1.4491243362426758],[-1.4711432456970215],[-29.376397770845937]
[0.10834094882011414],[0.49663516879081726],[122.30796328013678],[1.4492582082748413],[-1.4709547758102417],[-29.551387452421697]
[0.10951830446720123],[0.4952510595321655],[121.23148900723555],[1.4492758512496948],[-1.4709657430648804],[-29.553155980241247]
[0.1106342151761055],[0.4948003888130188],[118.57686269018045],[1.449271559715271],[-1.47098708152771],[-29.544686968176613]
[0.11167693138122559],[0.49291884899139404],[117.70140799030705],[1.4492590427398682],[-1.4709621667861938],[-29.550458061387598]
[0.11280868202447891],[0.490884006023407],[116.52189619401581],[1.449275016784668],[-1.470971941947937],[-29.544867496134785]
[0.11423438042402267],[0.4884229004383087],[114.82765877612125],[1.4492689371109009],[-1.4709792137145996],[-29.54399463944317]
[0.11700484901666641],[0.48615920543670654],[109.25663481437192],[1.44926917552948],[-1.470975637435913],[-29.554424494141312]
[0.11836104840040207],[0.48514753580093384],[105.81455108404451],[1.449263334274292],[-1.470942497253418],[-29.544155998422116]
[0.12034296244382858],[0.48350346088409424],[101.16729269729711],[1.4491220712661743],[-1.4711652994155884],[-29.36323883535733]
[0.12180876731872559],[0.48214223980903625],[97.46305122446228],[1.4492632150650024],[-1.4709771871566772],[-29.54442426777716]
[0.12285756319761276],[0.48089492321014404],[94.36180391258655],[1.4492744207382202],[-1.470990538597107],[-29.550593792607177]
[0.1240854412317276],[0.47949904203414917],[91.09365409185686],[1.4491273164749146],[-1.4711805582046509],[-29.367993943505436]
[0.12462066859006882],[0.47708961367607117],[88.51214617708986],[1.4492847919464111],[-1.4709562063217163],[-29.55213122354784]
[0.12451457977294922],[0.47410374879837036],[87.94209909680443],[1.449272871017456],[-1.4709563255310059],[-29.549718162328944]
[0.12441526353359222],[0.4701072871685028],[86.04331340385447],[1.449131727218628],[-1.4711376428604126],[-29.37860949863982]
[0.12474371492862701],[0.4678157866001129],[83.82338158763623],[1.449138879776001],[-1.471146583557129],[-29.378379465447335]
[0.12555137276649475],[0.4663752019405365],[80.52408394533123],[1.4492790699005127],[-1.4709572792053223],[-29.55102071621648]
[0.12591786682605743],[0.4654047191143036],[78.68462500637021],[1.4491369724273682],[-1.4711459875106812],[-29.37327890875517]
[0.12628376483917236],[0.4644719958305359],[76.93182001089264],[1.449150562286377],[-1.4711475372314453],[-29.369999928930334]
[0.12658974528312683],[0.4637449383735657],[75.4677364022561],[1.4492818117141724],[-1.4709556102752686],[-29.554377105925383]
[0.12713851034641266],[0.46275120973587036],[73.1415442392661],[1.4492918252944946],[-1.470977783203125],[-29.549186647896317]
[0.12732502818107605],[0.4616694152355194],[71.25115758020738],[1.4491302967071533],[-1.4711644649505615],[-29.365724569170304]
[0.12760503590106964],[0.46016430854797363],[68.1812048563456],[1.4492607116699219],[-1.4709700345993042],[-29.547740992313145]
[0.12682336568832397],[0.45783793926239014],[66.96270279914518],[1.4492838382720947],[-1.4709590673446655],[-29.54976676912198]
[0.12584027647972107],[0.45550480484962463],[65.93853986600227],[1.4492719173431396],[-1.470951795578003],[-29.55724082857086]
[0.12524372339248657],[0.45381951332092285],[64.69084236298212],[1.4492806196212769],[-1.4709618091583252],[-29.547007407236045]
[0.12505729496479034],[0.45206519961357117],[62.701292252130926],[1.449146032333374],[-1.4711546897888184],[-29.36646424410079]
[0.12544474005699158],[0.45086777210235596],[59.64023197728669],[1.4492706060409546],[-1.470952033996582],[-29.55556734346358]
[0.12563958764076233],[0.44968530535697937],[57.53628029276437],[1.449270486831665],[-1.4709573984146118],[-29.560118555254515]
[0.12553369998931885],[0.44813263416290283],[54.386667258168394],[1.4491245746612549],[-1.4711546897888184],[-29.358333727823595]
[0.12418553233146667],[0.4460670053958893],[53.24309785504444],[1.4491251707077026],[-1.471163034439087],[-29.371923509259265]
[0.12223993986845016],[0.4441283643245697],[53.311776206893036],[1.4492794275283813],[-1.4709736108779907],[-29.54347722639011]
[0.12086103856563568],[0.44253283739089966],[52.860472347213495],[1.449272871017456],[-1.4709564447402954],[-29.545395383623624]
[0.11935150623321533],[0.44056573510169983],[52.07169156731508],[1.4492642879486084],[-1.4709670543670654],[-29.5454209476973]
[0.11867745220661163],[0.43896937370300293],[50.107961976362795],[1.44927978515625],[-1.4709675312042236],[-29.5394254422926]
[0.11876507103443146],[0.4379218518733978],[47.95472181704217],[1.4491353034973145],[-1.471160888671875],[-29.369131535954363]
[0.11828459054231644],[0.4369313716888428],[46.42848719446815],[1.4492806196212769],[-1.4709510803222656],[-29.550482552643057]
[0.11731678247451782],[0.43575334548950195],[45.568341085363855],[1.4491287469863892],[-1.4711456298828125],[-29.372569180244696]
[0.11633874475955963],[0.434611976146698],[45.00711969784821],[1.4492813348770142],[-1.4709612131118774],[-29.55442254243537]
[0.11469359695911407],[0.43309688568115234],[44.663630954113],[1.4491361379623413],[-1.4711620807647705],[-29.37269123193446]
[0.11344269663095474],[0.4321011006832123],[44.70730991142785],[1.449134349822998],[-1.4711694717407227],[-29.37384964747331]
[0.11119909584522247],[0.4306037127971649],[44.79950936137136],[1.4492826461791992],[-1.4709616899490356],[-29.556690202620807]
[0.10966578125953674],[0.42927414178848267],[44.456419286427355],[1.4492788314819336],[-1.4709712266921997],[-29.548206220280097]
[0.10847745090723038],[0.4280235469341278],[43.68774839254042],[1.4491314888000488],[-1.4711503982543945],[-29.374311096070368]
[0.10669536888599396],[0.42631080746650696],[42.912287183295675],[1.4492768049240112],[-1.4709467887878418],[-29.55397950960706]
[0.10546570271253586],[0.42544254660606384],[42.828432238904696],[1.449135422706604],[-1.4711740016937256],[-29.369349700092528]
[0.10334188491106033],[0.42423883080482483],[43.43981883560694],[1.449276328086853],[-1.470966100692749],[-29.54803867268345]
[0.10174037516117096],[0.4233674705028534],[44.006396424334476],[1.4492803812026978],[-1.4709669351577759],[-29.547585650396137]
[0.09910449385643005],[0.42176905274391174],[44.92014794547689],[1.4492731094360352],[-1.4709597826004028],[-29.561268644942384]
[0.09672785550355911],[0.4202524423599243],[45.275864994918955],[1.4492720365524292],[-1.4709587097167969],[-29.539734987503653]
[0.09472409635782242],[0.41900160908699036],[46.07370203089937],[1.449268102645874],[-1.470963954925537],[-29.539744387610682]
[0.0921873226761818],[0.4175388813018799],[47.25179279998724],[1.4492578506469727],[-1.47096586227417],[-29.54266778122541]
[0.0898376852273941],[0.41636061668395996],[48.76295888095551],[1.4492765665054321],[-1.4709713459014893],[-29.54819048496969]
[0.08700676262378693],[0.4151056706905365],[51.04285462544482],[1.4492778778076172],[-1.4709703922271729],[-29.548657076080083]
[0.08489538729190826],[0.4140329658985138],[53.25598227017126],[1.4492733478546143],[-1.4709651470184326],[-29.559406150704298]
[0.08276541531085968],[0.41280609369277954],[55.0838867434477],[1.4492862224578857],[-1.4709773063659668],[-29.55441886795313]
[0.0805649682879448],[0.4111095070838928],[56.26388908813709],[1.44913911819458],[-1.471178412437439],[-29.37458968134574]
[0.07758098095655441],[0.40916934609413147],[58.447066516418424],[1.4492723941802979],[-1.470962643623352],[-29.54991969993125]
[0.0738542303442955],[0.40654662251472473],[62.38017668449541],[1.4491363763809204],[-1.4711635112762451],[-29.37818819837684]
[0.07177617400884628],[0.4049595594406128],[64.69499353657847],[1.4492698907852173],[-1.4709545373916626],[-29.545729636755173]
[0.06929676979780197],[0.40284591913223267],[67.57243860581545],[1.4491153955459595],[-1.4711624383926392],[-29.38079970820745]
[0.06592081487178802],[0.3996553421020508],[71.5227773415066],[1.449131965637207],[-1.4711620807647705],[-29.374495289014497]
[0.06343603879213333],[0.3969500660896301],[74.67182035664666],[1.4491312503814697],[-1.4711616039276123],[-29.37109064141686]
[0.06062134727835655],[0.39367520809173584],[78.4037196969288],[1.449130654335022],[-1.47115159034729],[-29.368131684414255]
[0.05875470116734505],[0.3911372125148773],[81.13655440245097],[1.4492638111114502],[-1.4709688425064087],[-29.547608141808574]
[0.056074462831020355],[0.387465238571167],[85.65777360931378],[1.4492688179016113],[-1.4709789752960205],[-29.535825061706813]
[0.0529518686234951],[0.3836725950241089],[92.54042332500762],[1.4492701292037964],[-1.470967411994934],[-29.55292007544573]
[0.050435300916433334],[0.3800176680088043],[99.59589558945994],[1.4491219520568848],[-1.471166968345642],[-29.37075361567818]
[0.04864376410841942],[0.3764039874076843],[105.55695242438071],[1.4492573738098145],[-1.4709454774856567],[-29.53750426789418]
[0.047317393124103546],[0.3725624084472656],[111.08657828255777],[1.44927179813385],[-1.470967173576355],[-29.541472811504107]
[0.04628119245171547],[0.3677900731563568],[117.68360708721855],[1.4492764472961426],[-1.4709709882736206],[-29.552256616353066]
[0.04579957202076912],[0.36232277750968933],[125.15395516084413],[1.449282169342041],[-1.4709618091583252],[-29.548341150625923]
[0.04582567140460014],[0.3565933406352997],[133.07072007572927],[1.4492812156677246],[-1.4709571599960327],[-29.557387182403822]
[0.04724015295505524],[0.34848111867904663],[144.98475577280814],[1.4492610692977905],[-1.4709633588790894],[-29.53936820615341]
[0.05003279075026512],[0.34146544337272644],[155.98663109726172],[1.449283480644226],[-1.4709808826446533],[-29.541037629337314]
[0.05276469886302948],[0.33648186922073364],[164.7298415004634],[1.4491348266601562],[-1.4711512327194214],[-29.365875348239197]
[0.055365558713674545],[0.33308833837509155],[170.85432525833687],[1.4491329193115234],[-1.4711723327636719],[-29.371588030720645]
[0.05830492451786995],[0.3305920958518982],[175.80893227699772],[1.4492777585983276],[-1.470978021621704],[-29.55018995649335]
[0.06064780801534653],[0.329146146774292],[178.69836747733024],[1.4492626190185547],[-1.470969557762146],[-29.547027072155146]
[0.06275390088558197],[0.32811251282691956],[-179.39351683822724],[1.4491279125213623],[-1.4711617231369019],[-29.368495826896098]
[0.06365617364645004],[0.3277915120124817],[-178.62605349001265],[1.449268102645874],[-1.4709581136703491],[-29.556760738653878]
[0.06429925560951233],[0.32802411913871765],[-179.56787882906343],[1.4492700099945068],[-1.470962405204773],[-29.550252659603363]
[0.06494764983654022],[0.32844364643096924],[179.09626126512023],[1.4492744207382202],[-1.4709749221801758],[-29.55068842408219]
[0.06628234684467316],[0.32917824387550354],[176.33908853898959],[1.4492814540863037],[-1.4709806442260742],[-29.545995184402916]
[0.0672929510474205],[0.32977911829948425],[173.84807953403737],[1.4492833614349365],[-1.4709727764129639],[-29.538206573912504]
[0.06889303773641586],[0.3305535912513733],[170.8385952099247],[1.4492727518081665],[-1.4709581136703491],[-29.552757344049663]
[0.07032831758260727],[0.3311321437358856],[168.09573750096246],[1.449277639389038],[-1.4709593057632446],[-29.549331355481083]
[0.0713575929403305],[0.3315647840499878],[165.8119760452799],[1.449280858039856],[-1.4709646701812744],[-29.553576588817823]
[0.07214871048927307],[0.33201363682746887],[163.91097315327116],[1.4492716789245605],[-1.470968246459961],[-29.545144673450352]
[0.07346636801958084],[0.33243879675865173],[161.17646693711316],[1.4492685794830322],[-1.4709515571594238],[-29.55845182747838]
[0.07467005401849747],[0.33286142349243164],[158.479998575164],[1.449278712272644],[-1.4709819555282593],[-29.5543526611831]
[0.07671534270048141],[0.3333929479122162],[154.4275376470953],[1.4492820501327515],[-1.4709721803665161],[-29.556708990094375]
[0.07727596163749695],[0.33558204770088196],[148.22681093695007],[1.4492751359939575],[-1.470941424369812],[-29.54753819738498]
[0.07699703425168991],[0.33829331398010254],[142.8666954702781],[1.4492814540863037],[-1.470963954925537],[-29.55496182416649]
[0.07713426649570465],[0.3403015732765198],[138.12453544304444],[1.44927179813385],[-1.470963478088379],[-29.555727535349227]
[0.07782425731420517],[0.3410215973854065],[135.26477682714352],[1.4492685794830322],[-1.4709688425064087],[-29.549494071825762]
[0.07947733253240585],[0.3407000005245209],[131.76517516806635],[1.4491273164749146],[-1.4711577892303467],[-29.37421544448939]
[0.08114840090274811],[0.3403579592704773],[128.4295984965314],[1.4492855072021484],[-1.4709646701812744],[-29.546456563599182]
[0.08325575292110443],[0.33984100818634033],[124.65586922370939],[1.4491454362869263],[-1.4711624383926392],[-29.381858438141183]
[0.08451124280691147],[0.3393879532814026],[122.0553564569663],[1.449275016784668],[-1.4709755182266235],[-29.552687894298877]
[0.08556649833917618],[0.33890220522880554],[119.95945641414586],[1.4492809772491455],[-1.4709712266921997],[-29.54410136098762]
[0.08646180480718613],[0.33847776055336],[117.87061780992633],[1.4492698907852173],[-1.4709649085998535],[-29.54768940929542]
[0.08800721168518066],[0.3398427367210388],[112.3747754032132],[1.449276089668274],[-1.4709643125534058],[-29.548940361866187]
[0.0896914005279541],[0.3406411409378052],[107.8001418340136],[1.4492722749710083],[-1.470963478088379],[-29.54960866602466]
[0.09092105180025101],[0.3408362567424774],[103.883008164332],[1.449271559715271],[-1.4709429740905762],[-29.544089780861597]
[0.092644102871418],[0.34066253900527954],[99.20704081079924],[1.4491186141967773],[-1.47115957736969],[-29.376005461871586]
[0.09346573054790497],[0.33990561962127686],[96.84584563794175],[1.4492830038070679],[-1.4709571599960327],[-29.550399882589783]
[0.09444630891084671],[0.33884331583976746],[94.10861471531341],[1.4492865800857544],[-1.470961570739746],[-29.55365235396253]
[0.09559319168329239],[0.33733999729156494],[90.60862170106549],[1.4493107795715332],[-1.4709964990615845],[-29.54897023656848]
[0.09693745523691177],[0.33647069334983826],[86.49621453970916],[1.4492835998535156],[-1.4709707498550415],[-29.549473269635605]
[0.0990653708577156],[0.336793452501297],[81.02922437184979],[1.4492952823638916],[-1.4709751605987549],[-29.55525968514908]
[0.10065395385026932],[0.33666348457336426],[76.912902501393],[1.4491500854492188],[-1.4711792469024658],[-29.375955738937204]
[0.10118159651756287],[0.3354574143886566],[74.06424555904098],[1.4493014812469482],[-1.470980167388916],[-29.55030589980732]
[0.10159366577863693],[0.3343270421028137],[71.44974911936534],[1.4492952823638916],[-1.4709727764129639],[-29.547301850777586]
[0.102231964468956],[0.3321509063243866],[67.01378491638896],[1.449275255203247],[-1.4709687232971191],[-29.54703307754177]
[0.10297960042953491],[0.33089679479599],[63.57600089274002],[1.4492563009262085],[-1.4709463119506836],[-29.555840172305164]
[0.10404488444328308],[0.32989996671676636],[59.47872485361296],[1.4492779970169067],[-1.4709656238555908],[-29.553468461276207]
[0.10454985499382019],[0.3290059566497803],[56.41099359042721],[1.4492825269699097],[-1.470962643623352],[-29.557220007512857]
[0.10452388226985931],[0.3281026780605316],[54.77095297028698],[1.4492815732955933],[-1.47096848487854],[-29.538402407835083]
[0.10461615025997162],[0.32674071192741394],[51.79997289721636],[1.4491550922393799],[-1.471165657043457],[-29.367280386661324]
[0.10541528463363647],[0.32560789585113525],[47.7117479981215],[1.4491407871246338],[-1.4711635112762451],[-29.372315298138528]
[0.1054026186466217],[0.3243839740753174],[45.390049476432665],[1.4492909908294678],[-1.4709595441818237],[-29.547991670051196]
[0.10512616485357285],[0.3232039511203766],[42.93966974701104],[1.4491472244262695],[-1.4711519479751587],[-29.385100503463434]
[0.10486119985580444],[0.3217889368534088],[40.111935010673484],[1.4492846727371216],[-1.4709687232971191],[-29.54820860706801]
[0.1044783741235733],[0.32046884298324585],[37.52405453284961],[1.44913649559021],[-1.4711683988571167],[-29.3653204619117]
[0.10418904572725296],[0.3195400536060333],[35.54363907796506],[1.449282169342041],[-1.4709670543670654],[-29.544244171044035]
[0.10381273180246353],[0.31867972016334534],[33.68642517600805],[1.449284553527832],[-1.470950961112976],[-29.543183883933605]
[0.10356733947992325],[0.31754207611083984],[31.393826677331734],[1.4492703676223755],[-1.470969557762146],[-29.555734041853214]
[0.10306527465581894],[0.3163275718688965],[28.912266368575658],[1.4492802619934082],[-1.4709694385528564],[-29.551345254855704]
[0.10216059535741806],[0.31486815214157104],[25.82032428860673],[1.4492872953414917],[-1.4709560871124268],[-29.553771756953324]
[0.10144717246294022],[0.31358811259269714],[23.015791389337494],[1.4492748975753784],[-1.4709521532058716],[-29.553396669485217]
[0.10081548243761063],[0.312635600566864],[20.834285349266658],[1.4492822885513306],[-1.4709856510162354],[-29.543544732257583]
[0.10042206197977066],[0.3120836913585663],[19.31981779359805],[1.4491175413131714],[-1.4711700677871704],[-29.360686392650628]
[0.09985875338315964],[0.3110853135585785],[17.58194730445631],[1.449280023574829],[-1.4709820747375488],[-29.550667687661186]
[0.09927140921354294],[0.31039664149284363],[15.830051936097002],[1.4491212368011475],[-1.4711742401123047],[-29.37250641771664]
[0.09838324040174484],[0.30972591042518616],[14.137557692257204],[1.4492862224578857],[-1.4709868431091309],[-29.547542203206962]
[0.09789323806762695],[0.3089061677455902],[12.43021105116813],[1.4492523670196533],[-1.4709827899932861],[-29.558014827602786]
[0.09748873114585876],[0.3084579408168793],[11.289087099776909],[1.4492664337158203],[-1.470971703529358],[-29.55502461151621]
[0.09680444002151489],[0.3083873391151428],[10.971217390603766],[1.449257254600525],[-1.4709646701812744],[-29.537620788369768]
[0.0964072123169899],[0.3079238533973694],[10.039162962354121],[1.4492683410644531],[-1.4709787368774414],[-29.545352860830576]
[0.09602775424718857],[0.3075431287288666],[8.936769127327121],[1.44911789894104],[-1.4711651802062988],[-29.365848240980736]
[0.09381024539470673],[0.3076240122318268],[9.20640823097186],[1.4492729902267456],[-1.4709810018539429],[-29.548210032337916]
[0.09123174101114273],[0.3076428472995758],[9.487135704296302],[1.4491268396377563],[-1.4711822271347046],[-29.36887055497688]
[0.08730334788560867],[0.30754873156547546],[9.540660427335744],[1.449281930923462],[-1.4709787368774414],[-29.54983922270997]
[0.08598463237285614],[0.30734705924987793],[9.314538791529287],[1.4492889642715454],[-1.4709919691085815],[-29.54513848879351]
[0.08593114465475082],[0.3072095215320587],[9.017849612429107],[1.4491300582885742],[-1.4711673259735107],[-29.37068655559248]
[0.08537299931049347],[0.30738502740859985],[9.516053514383554],[1.4492740631103516],[-1.4709669351577759],[-29.54563664644049]
[0.08298080414533615],[0.3078286945819855],[10.937216331294625],[1.4492824077606201],[-1.4709666967391968],[-29.556272459008813]
[0.0805821642279625],[0.3082805275917053],[12.531453760116465],[1.4492874145507812],[-1.4709584712982178],[-29.545170053599175]
[0.07811397314071655],[0.3088854253292084],[14.825508805721956],[1.4492912292480469],[-1.4709664583206177],[-29.548920105984642]
[0.07653536647558212],[0.3091941475868225],[16.17045707560112],[1.4492905139923096],[-1.4709577560424805],[-29.55116271509712]
[0.07509197294712067],[0.30923569202423096],[17.194701348988456],[1.4491305351257324],[-1.4711545705795288],[-29.386780759066493]
[0.07360345870256424],[0.3090861737728119],[17.265630236679392],[1.4492777585983276],[-1.470960021018982],[-29.547168548853957]
[0.07176239788532257],[0.30916696786880493],[18.27309168060402],[1.4492853879928589],[-1.4709759950637817],[-29.562734822159463]
[0.068880096077919],[0.3095723092556],[20.859199824032167],[1.4491311311721802],[-1.4711753129959106],[-29.37273550268352]
[0.06576462090015411],[0.3097764849662781],[23.481384002469586],[1.449281930923462],[-1.4709903001785278],[-29.539433086492682]
[0.06180443987250328],[0.30985721945762634],[26.932543743246885],[1.449133276939392],[-1.4711426496505737],[-29.37478382850669]
[0.058838680386543274],[0.30966100096702576],[29.433942364356504],[1.449265480041504],[-1.4709482192993164],[-29.545845671026793]
[0.05624736100435257],[0.3095463812351227],[31.701758974524505],[1.4491205215454102],[-1.4711463451385498],[-29.37459360698951]
[0.053255870938301086],[0.3091210424900055],[34.29528425461911],[1.4491361379623413],[-1.4711500406265259],[-29.378198003718694]
[0.04989964887499809],[0.30852583050727844],[37.216708800529275],[1.4491357803344727],[-1.471145749092102],[-29.383586281786844]
[0.04691004008054733],[0.3079284429550171],[39.98277727698825],[1.4492851495742798],[-1.4709765911102295],[-29.54601553854588]
[0.042855001986026764],[0.30766981840133667],[45.835515334097565],[1.4492822885513306],[-1.4709711074829102],[-29.556549004927803]
[0.03892321512103081],[0.30720698833465576],[52.55287998380749],[1.4492846727371216],[-1.4709677696228027],[-29.553317506039644]
[0.032334137707948685],[0.305674284696579],[63.53420895597754],[1.449281096458435],[-1.4709584712982178],[-29.549359226336072]
[0.027803320437669754],[0.3031313717365265],[71.49179881106403],[1.449281096458435],[-1.470974326133728],[-29.553193559476085]
[0.02753486856818199],[0.3019959628582001],[70.32036018976727],[1.449293851852417],[-1.4709813594818115],[-29.56171932814117]
[0.030308585613965988],[0.30167293548583984],[63.230484224358236],[1.449286699295044],[-1.470977783203125],[-29.549450427681418]
[0.03326435759663582],[0.3011642098426819],[55.55969893772542],[1.4492766857147217],[-1.4709832668304443],[-29.54806450304709]
[0.03412983566522598],[0.3002782464027405],[51.75390598083031],[1.4492708444595337],[-1.4709616899490356],[-29.55231050384821]
