[0.0031301558483392],[-0.5484639406204224],[174.2307228524631],[0.007815222255885601],[0.1931784451007843],[17.537645841766615]
[0.0031997463665902615],[-0.5485013723373413],[174.28031999735532],[0.008028955198824406],[0.19338975846767426],[16.905021650555117]
[0.002982365433126688],[-0.5487133264541626],[174.27563992342905],[0.008105327375233173],[0.1935088187456131],[16.336206980735916]
[0.002825864590704441],[-0.5485702753067017],[175.1459308084704],[0.008271495811641216],[0.19352997839450836],[16.357550951919205]
[0.002811816520988941],[-0.5484461188316345],[175.07043419161687],[0.008264332078397274],[0.19355246424674988],[16.368852969992354]
[0.00280459295026958],[-0.5485934615135193],[175.05393938479207],[0.008250996470451355],[0.19354942440986633],[16.29085559222762]
[0.0027817862574011087],[-0.5486827492713928],[175.11297356333444],[0.008343400433659554],[0.19353985786437988],[16.18334104891046]
[0.002608537208288908],[-0.5486913323402405],[175.04419829511022],[0.008432367816567421],[0.19358029961585999],[15.990292648529703]
[0.002628565998747945],[-0.5487014055252075],[175.05133708828814],[0.008665874600410461],[0.193513885140419],[15.930194775214384]
[0.0026114375796169043],[-0.5487368106842041],[175.0507063643725],[0.008686802349984646],[0.19349005818367004],[15.894265746192884]
[0.00215997826308012],[-0.5485705137252808],[174.80537665489396],[0.00873575545847416],[0.19341613352298737],[15.732905510160716]
[0.001425392460078001],[-0.5481849908828735],[174.22869652721806],[0.008608328178524971],[0.19326071441173553],[15.82394251926128]
[0.0011036517098546028],[-0.5484474897384644],[174.16341172192728],[0.007456131745129824],[0.19401077926158905],[16.52161418995623]
[0.00039649801328778267],[-0.5484489798545837],[174.81210071664967],[0.0077419038861989975],[0.19414135813713074],[14.29038885858557]
[0.0007142254617065191],[-0.548378586769104],[174.9043680925852],[0.00769137404859066],[0.1936393678188324],[11.073640101368472]
[0.0009312548208981752],[-0.5482462048530579],[174.83633690176057],[0.007183062378317118],[0.19343331456184387],[11.89836381472011]
[0.0008070012554526329],[-0.5482689738273621],[174.7785767051779],[0.007262601982802153],[0.1933699995279312],[11.929439760510588]
[0.0011406518751755357],[-0.5480492115020752],[174.8339372310224],[0.007047899533063173],[0.1932067573070526],[12.219895219524048]
[0.001225683488883078],[-0.5481740236282349],[174.8468458969379],[0.007288206834346056],[0.193308025598526],[12.115549244395083]
[0.0012426753528416157],[-0.5481424927711487],[174.82749762664292],[0.007443261332809925],[0.1934768408536911],[11.943819901269485]
[0.001151053118519485],[-0.5483003258705139],[174.83485999413548],[0.007494159042835236],[0.19338813424110413],[11.981926119826204]
[0.0013026202796027064],[-0.5481843948364258],[174.7956901190337],[0.00750083988532424],[0.19340446591377258],[11.989588367656927]
[0.0012777848169207573],[-0.5482296347618103],[174.7851910676951],[0.007343895733356476],[0.19335401058197021],[11.957670945813598]
[0.0013114818139001727],[-0.5481864809989929],[174.77807370587666],[0.007433703634887934],[0.1933990865945816],[11.867790115815817]
[0.001319325645454228],[-0.5481964349746704],[174.7966955703565],[0.0074039027094841],[0.19344273209571838],[11.881627162598436]
[0.001324572367593646],[-0.5482146143913269],[174.79391289353114],[0.0073590148240327835],[0.193517804145813],[11.898299646163517]
[0.0013245545560494065],[-0.5481950044631958],[174.79549742212455],[0.007434895262122154],[0.19338445365428925],[11.876800881897863]
[0.0014142805011942983],[-0.5481759905815125],[174.69783586882858],[0.007391174323856831],[0.19341635704040527],[11.909200135642058]
[0.00140620325691998],[-0.5481714606285095],[174.68744927989076],[0.007491847965866327],[0.19329190254211426],[11.865435637647064]
[0.0013935731258243322],[-0.5481938123703003],[174.69391985384902],[0.007509448099881411],[0.19328626990318298],[11.88829743474739]
[0.001410981174558401],[-0.5481829643249512],[174.6932024509095],[0.0075479610823094845],[0.19328901171684265],[11.921476314253201]
[0.0014062090776860714],[-0.5481923818588257],[174.6865488633768],[0.007435266859829426],[0.19340944290161133],[11.85458801535331]
[0.001356555032543838],[-0.5482240915298462],[174.7847013215793],[0.0075585064478218555],[0.193320631980896],[11.905910472153733]
[0.0013116030022501945],[-0.5482437610626221],[174.7708430193944],[0.0075415950268507],[0.193323016166687],[11.901963548869528]
[0.0013281583087518811],[-0.5482496619224548],[174.77751289546194],[0.007559068035334349],[0.19330857694149017],[11.897545972003483]
[0.001333493273705244],[-0.5482350587844849],[174.7660060227933],[0.007563361432403326],[0.19332580268383026],[11.90415508412723]
[0.0013358494034036994],[-0.5482325553894043],[174.77071736571796],[0.007533219177275896],[0.19331248104572296],[11.906892766478867]
[0.0013061428908258677],[-0.5482463836669922],[174.771323404104],[0.007451081648468971],[0.19341813027858734],[11.865598316599415]
[-0.11877121031284332],[-0.3976595401763916],[95.04271114849726],[0.08841896057128906],[0.06910266727209091],[-86.0258428642821]
[-0.12011504918336868],[-0.38361847400665283],[91.96285219310155],[0.08682854473590851],[0.06001643091440201],[-88.8720251083394]
[-0.12058562785387039],[-0.3715239465236664],[89.65073324120587],[0.08502752333879471],[0.05232901871204376],[-91.03599816297738]
[-0.12045442312955856],[-0.3612786829471588],[88.00858119533308],[0.08325989544391632],[0.04587634652853012],[-92.67687642977957]
[-0.1202566996216774],[-0.3496527373790741],[86.54574661468764],[0.08102106302976608],[0.037970587611198425],[-94.56911534096736]
[-0.12006797641515732],[-0.34186968207359314],[85.82195319343236],[0.07918918132781982],[0.0330834835767746],[-95.51949103568828]
[-0.11939340829849243],[-0.33032578229904175],[84.55408554266464],[0.07669976353645325],[0.025942740961909294],[-96.72144821588249]
[-0.11834917217493057],[-0.31905505061149597],[83.65361417212016],[0.07411971688270569],[0.018927976489067078],[-98.1571563186688]
[-0.11737820506095886],[-0.30952006578445435],[83.04272487059556],[0.0718783512711525],[0.013026953674852848],[-99.35499451707463]
[-0.11602950096130371],[-0.29780128598213196],[82.08356575097591],[0.06890449672937393],[0.00622513284906745],[-100.2817230208161]
[-0.11547140777111053],[-0.2897651493549347],[81.13388264663133],[0.06707726418972015],[0.0017294763820245862],[-100.37332390321814]
[-0.11400327831506729],[-0.27975332736968994],[80.30574682073456],[0.0646662637591362],[-0.003862017998471856],[-100.89155486379781]
[-0.11229278892278671],[-0.26808643341064453],[79.43700066905872],[0.06146254390478134],[-0.010639332234859467],[-101.72940919443685]
[-0.11019646376371384],[-0.2547335922718048],[78.567071286602],[0.057675302028656006],[-0.01891821064054966],[-103.0502071925753]
[-0.10853158682584763],[-0.24513264000415802],[78.1555639550543],[0.05458242446184158],[-0.024553414434194565],[-103.521544378535]
[-0.10683051496744156],[-0.23522450029850006],[77.88639604016353],[0.05166471749544144],[-0.030329525470733643],[-104.43737716030064]
[-0.1049841120839119],[-0.2256256490945816],[77.76301819797732],[0.04862080514431],[-0.035768214613199234],[-105.2056067162601]
[-0.10348467528820038],[-0.2179042249917984],[77.5679747393422],[0.04631035029888153],[-0.04012270271778107],[-105.93069547374033]
[-0.10102000832557678],[-0.20625674724578857],[77.11207490088994],[0.04270387440919876],[-0.04663686081767082],[-106.06208733725919]
[-0.09916287660598755],[-0.19637611508369446],[76.41368434801221],[0.039501089602708817],[-0.052440959960222244],[-106.36620680049653]
[-0.09663817286491394],[-0.1845557987689972],[75.8953657736247],[0.03523293137550354],[-0.059157051146030426],[-106.62122815091062]
[-0.09443435817956924],[-0.1748104691505432],[75.9670904662099],[0.0320337675511837],[-0.06493351608514786],[-106.86811005309264]
[-0.09293513000011444],[-0.1666882038116455],[76.11797839790832],[0.02928146906197071],[-0.06954942643642426],[-107.61749218196823]
[-0.09109006822109222],[-0.15902307629585266],[76.31168997017508],[0.026398416608572006],[-0.07423318177461624],[-108.10985882067394]
[-0.08908802270889282],[-0.14912882447242737],[76.40207724039865],[0.023219283670186996],[-0.07961414754390717],[-108.68082546950397]
[-0.0864906907081604],[-0.1359003782272339],[76.07668393855813],[0.01914341188967228],[-0.08630993962287903],[-109.087550675335]
[-0.08722537755966187],[-0.13209764659404755],[71.522017564217],[0.02010919526219368],[-0.08524244278669357],[-111.16227232483062]
[-0.08701242506504059],[-0.12399429827928543],[64.1565886228054],[0.022671427577733994],[-0.08424143493175507],[-111.48532110969188]
[-0.08602859079837799],[-0.11711568385362625],[55.51857985289283],[0.025147346779704094],[-0.08475115895271301],[-112.38560386099184]
[-0.08517768234014511],[-0.11346805095672607],[49.7008320838297],[0.025167638435959816],[-0.08581006526947021],[-114.22931448715545]
[-0.08455750346183777],[-0.11063013970851898],[45.31911363554362],[0.025926172733306885],[-0.08702187985181808],[-116.97185089029979]
[-0.08428336679935455],[-0.10885020345449448],[44.52501755635097],[0.026098594069480896],[-0.08839800953865051],[-119.49804673723578]
[-0.08438527584075928],[-0.10625884681940079],[43.479965278720314],[0.02668611705303192],[-0.08957866579294205],[-122.5048826754193]
[-0.08291506767272949],[-0.10198523104190826],[40.06519406304238],[0.029312273487448692],[-0.09002359956502914],[-123.91417381450243]
[-0.08237839490175247],[-0.09968794882297516],[36.975126367378394],[0.0302753783762455],[-0.09070093184709549],[-124.42783279013526]
[-0.08235140889883041],[-0.09830539673566818],[35.99889227633064],[0.030038103461265564],[-0.0919022336602211],[-125.85964600518597]
[-0.08288193494081497],[-0.09706950187683105],[36.04018102633061],[0.029516613110899925],[-0.09364279359579086],[-128.87842479070568]
[-0.08302203565835953],[-0.09570277482271194],[36.77139312998288],[0.02928341180086136],[-0.09464605152606964],[-131.8837553424613]
[-0.08069968223571777],[-0.09135634452104568],[32.93569601840092],[0.03173576667904854],[-0.09517820924520493],[-133.13283359519573]
[-0.0791424959897995],[-0.08891037851572037],[30.41267955708455],[0.033167093992233276],[-0.09578115493059158],[-133.88350550756613]
[-0.07884392142295837],[-0.08670100569725037],[29.992252890880355],[0.03297456353902817],[-0.09691905975341797],[-136.5651498792648]
[-0.07874105125665665],[-0.0849466398358345],[28.677232142139243],[0.03295041620731354],[-0.09788206964731216],[-138.26818743180667]
[-0.07903546094894409],[-0.08300075680017471],[26.610039611281316],[0.03249233216047287],[-0.09906058758497238],[-139.50770632383785]
[-0.07910136878490448],[-0.08172498643398285],[25.16578961144078],[0.031766995787620544],[-0.09989605844020844],[-140.43276051992365]
[-0.07899604737758636],[-0.07956957817077637],[23.879656445534657],[0.030963530763983727],[-0.1013995036482811],[-142.79681146301922]
[-0.07841890305280685],[-0.0776432529091835],[22.30394611227028],[0.03130517899990082],[-0.10222406685352325],[-144.20646102074204]
[-0.07634804397821426],[-0.07539277523756027],[19.11781673998877],[0.03254285454750061],[-0.10326869040727615],[-144.82230988451892]
[-0.07455730438232422],[-0.07371578365564346],[17.574590338116963],[0.03367849439382553],[-0.10416491329669952],[-146.08693931322387]
[-0.07194232940673828],[-0.07113830000162125],[16.874322122521797],[0.03515953943133354],[-0.1052774041891098],[-149.27704546225775]
[-0.0691007524728775],[-0.06792111694812775],[15.159423626868003],[0.03653782978653908],[-0.10632456094026566],[-152.25073030264574]
[-0.06804122775793076],[-0.06603554636240005],[13.724798456010895],[0.03649209067225456],[-0.10697785019874573],[-153.30949774689122]
[-0.06773913651704788],[-0.06481840461492538],[12.251333657421052],[0.036177411675453186],[-0.10752046853303909],[-153.81775858988868]
[-0.06794063746929169],[-0.06354084610939026],[10.585238115022232],[0.03495147079229355],[-0.10843253880739212],[-154.72637177755794]
[-0.06918957829475403],[-0.06041784584522247],[8.501813815571799],[0.031332798302173615],[-0.11058289557695389],[-158.5054255127434]
[-0.06883667409420013],[-0.05835513398051262],[5.83034124411473],[0.029743419960141182],[-0.1116231381893158],[-159.7946671192969]
[-0.06740251183509827],[-0.05703302100300789],[3.824298166036174],[0.02970379963517189],[-0.11289948970079422],[-161.04438263293582]
[-0.06477677077054977],[-0.05582405626773834],[2.430455797598632],[0.030830733478069305],[-0.11415094137191772],[-162.70222988669175]
[-0.05721714720129967],[-0.05312706530094147],[1.3111200200199242],[0.03515410050749779],[-0.11653192341327667],[-167.64823363629213]
[-0.05112696439027786],[-0.051831383258104324],[-1.1362531593326248],[0.03901823237538338],[-0.11833327263593674],[-168.93836185208147]
[-0.04695931077003479],[-0.05089893937110901],[-3.8773257273715265],[0.04141061753034592],[-0.11966544389724731],[-169.5535718736517]
[-0.04480363801121712],[-0.04975505918264389],[-5.083501713896422],[0.042178474366664886],[-0.12064115703105927],[-170.63308114894065]
[-0.04318380355834961],[-0.04918137192726135],[-5.902904581367503],[0.04231208562850952],[-0.12146661430597305],[-171.62764791287296]
[-0.04274630546569824],[-0.04741692543029785],[-7.114751087042823],[0.04105484113097191],[-0.1220448836684227],[-173.5215784555735]
[-0.04298308119177818],[-0.045827433466911316],[-7.6413615178383925],[0.039027031511068344],[-0.12219449132680893],[-175.30787102372716]
[-0.04298073798418045],[-0.0445714145898819],[-8.73721808848251],[0.03769785165786743],[-0.12252768874168396],[-176.34340844950955]
[-0.04065455496311188],[-0.04356859251856804],[-11.279440983633812],[0.03782757744193077],[-0.1236126720905304],[-177.01827493536484]
[-0.03691181540489197],[-0.04373513534665108],[-13.907750475955556],[0.03944573923945427],[-0.12562453746795654],[-177.40234369585443]
[-0.03326814994215965],[-0.043448977172374725],[-14.728567731412019],[0.041108693927526474],[-0.1271388977766037],[-179.5586493003143]
[-0.028286783024668694],[-0.043707557022571564],[-15.952616479590615],[0.04343176633119583],[-0.12961889803409576],[178.10493732204216]
[-0.024262776598334312],[-0.04371895268559456],[-15.729772361751255],[0.044984348118305206],[-0.1314985305070877],[175.09841338580708]
[-0.019811350852251053],[-0.043450068682432175],[-17.066807400865173],[0.04709704592823982],[-0.13328096270561218],[173.22531203237554]
[-0.015518462285399437],[-0.04381711781024933],[-19.132163692234464],[0.048942066729068756],[-0.1349974125623703],[172.4107431431075]
[-0.013071258552372456],[-0.043122753500938416],[-21.78271631444433],[0.04951139912009239],[-0.13609762489795685],[171.97621174632047]
[-0.012412483803927898],[-0.04250534251332283],[-22.620480788990783],[0.04857901111245155],[-0.13645948469638824],[171.04317035117552]
[-0.011377375572919846],[-0.04154114052653313],[-24.058012508499964],[0.047699443995952606],[-0.13669699430465698],[170.57655618528926]
[-0.010128377005457878],[-0.04219430685043335],[-25.73016539677553],[0.04800589755177498],[-0.13786186277866364],[170.24811606181413]
[-0.006792089901864529],[-0.0421360582113266],[-25.55846056710522],[0.048136088997125626],[-0.13932009041309357],[167.12157010020894]
[-0.0033443025313317776],[-0.042080413550138474],[-28.873742882354122],[0.04881322756409645],[-0.14101120829582214],[166.95091765153177]
[-0.0007206278969533741],[-0.04169182851910591],[-30.171836276342635],[0.04767955467104912],[-0.14207783341407776],[164.4433279008521]
[0.000589116825722158],[-0.04161474481225014],[-30.866047768417157],[0.04791698977351189],[-0.1428917944431305],[163.02332909463388]
[0.004158158786594868],[-0.04192651808261871],[-33.98558170354195],[0.04785873368382454],[-0.14452911913394928],[162.44653194073595]
[0.005613669753074646],[-0.04162176698446274],[-37.0257304442648],[0.047501228749752045],[-0.14594925940036774],[163.23849188525045]
[0.00538689736276865],[-0.04134473204612732],[-38.41270053241218],[0.04623386636376381],[-0.1460682898759842],[163.28373961329444]
[0.00022732524666935205],[-0.05642368271946907],[-42.00411440550704],[0.024317337200045586],[-0.1658484786748886],[150.70700272200372]
[0.002398633398115635],[-0.05685490369796753],[-44.11253361370201],[0.02425764873623848],[-0.16691340506076813],[150.4976884119857]
[0.003382108872756362],[-0.05677524209022522],[-44.74344055849651],[0.024051936343312263],[-0.1671113520860672],[150.00126633675308]
[0.0029657988343387842],[-0.05603155866265297],[-44.931931001360034],[0.02295803464949131],[-0.1666511744260788],[148.87461765330553]
[0.0038933944888412952],[-0.05521577596664429],[-45.484408510467354],[0.02203146368265152],[-0.16597889363765717],[147.60783309251676]
[0.004595136735588312],[-0.05460337921977043],[-45.94257517874627],[0.02106473594903946],[-0.1654791533946991],[146.78469068113915]
[0.006362265441566706],[-0.05330975726246834],[-46.26937690412716],[0.020484063774347305],[-0.1660744696855545],[145.5813897139166]
[0.007413747254759073],[-0.05340926721692085],[-47.44861780799157],[0.02052682265639305],[-0.16555850207805634],[145.57017391536638]
[0.008552114479243755],[-0.054057683795690536],[-49.02754518284134],[0.02063858136534691],[-0.16544771194458008],[144.85791891218466]
[0.009868325665593147],[-0.05355897918343544],[-48.44836492041876],[0.020736118778586388],[-0.16569967567920685],[143.58896809256893]
[0.011727763339877129],[-0.05434044450521469],[-50.0798492474621],[0.021794479340314865],[-0.16664786636829376],[144.6190287360622]
[0.013780099339783192],[-0.05544937029480934],[-50.5692060829143],[0.022947197780013084],[-0.16846910119056702],[142.46876126783854]
[0.019347231835126877],[-0.060384467244148254],[-51.81360027385745],[0.02492733672261238],[-0.17345237731933594],[138.84990791457219]
[0.02758907526731491],[-0.06930128484964371],[-51.2768375530055],[0.04826880246400833],[-0.18187281489372253],[149.70998066369282]
[0.032439880073070526],[-0.07384395599365234],[-51.148025116984584],[0.053396373987197876],[-0.18294662237167358],[151.31222963746066]
[0.03796759992837906],[-0.07945229858160019],[-49.33989204951993],[0.07450225949287415],[-0.1857462227344513],[159.7021672595741]
[0.04271122068166733],[-0.08467794209718704],[-47.7542243784404],[0.08666782826185226],[-0.18781620264053345],[165.36084627746303]
[0.048059362918138504],[-0.0891401544213295],[-45.74887055062508],[0.09963586181402206],[-0.18908414244651794],[169.36973342268084]
[0.05221455171704292],[-0.09313817322254181],[-43.334752911196794],[0.12209479510784149],[-0.18547280132770538],[-176.1328229898619]
[0.053800467401742935],[-0.09416855126619339],[-40.59557281738323],[0.1418321579694748],[-0.1778540164232254],[-161.35024056724797]
[0.05375523120164871],[-0.0940714031457901],[-40.39450504008593],[0.16404938697814941],[-0.15929436683654785],[-135.89462063675657]
[0.05375523120164871],[-0.0940714031457901],[-40.39450504008593],[0.17879395186901093],[-0.13537029922008514],[-105.81425588872682]
[0.05375523120164871],[-0.0940714031457901],[-40.39450504008593],[0.18639683723449707],[-0.11192407459020615],[-79.00534491836542]
[0.05375523120164871],[-0.0940714031457901],[-40.39450504008593],[0.18732251226902008],[-0.08110932260751724],[-56.48782534097581]
[0.05375523120164871],[-0.0940714031457901],[-40.39450504008593],[0.1819603592157364],[-0.04974212124943733],[-39.068500730046395]
[0.05375523120164871],[-0.0940714031457901],[-40.39450504008593],[0.17502930760383606],[-0.02479485608637333],[-30.88386071973317]
[0.05375523120164871],[-0.0940714031457901],[-40.39450504008593],[0.16941414773464203],[-0.00667900824919343],[-27.050062944224365]
[0.05375523120164871],[-0.0940714031457901],[-40.39450504008593],[0.15810704231262207],[0.017550285905599594],[-24.030456824006528]
[0.05375523120164871],[-0.0940714031457901],[-40.39450504008593],[0.1521148681640625],[0.03542777895927429],[-19.220500231999434]
[0.05375523120164871],[-0.0940714031457901],[-40.39450504008593],[0.145964115858078],[0.056360989809036255],[-16.286198764052003]
[0.05375523120164871],[-0.0940714031457901],[-40.39450504008593],[0.14128832519054413],[0.07163720577955246],[-13.312996159646639]
[0.05375523120164871],[-0.0940714031457901],[-40.39450504008593],[0.13859149813652039],[0.08262878656387329],[-12.211551682173779]
[0.05375523120164871],[-0.0940714031457901],[-40.39450504008593],[0.13680361211299896],[0.09148851782083511],[-11.409958177858575]
[0.05375523120164871],[-0.0940714031457901],[-40.39450504008593],[0.13247016072273254],[0.10134179145097733],[-10.341962501310807]
[0.05375523120164871],[-0.0940714031457901],[-40.39450504008593],[0.12785321474075317],[0.10700352489948273],[-10.950340164724048]
[0.05375523120164871],[-0.0940714031457901],[-40.39450504008593],[0.1253471076488495],[0.11051272600889206],[-6.93050577117745]
[0.05375523120164871],[-0.0940714031457901],[-40.39450504008593],[0.12243892252445221],[0.1131327897310257],[-5.259756594419701]
[0.05375523120164871],[-0.0940714031457901],[-40.39450504008593],[0.12243892252445221],[0.1131327897310257],[-5.259756594419701]
[0.05375523120164871],[-0.0940714031457901],[-40.39450504008593],[0.12243892252445221],[0.1131327897310257],[-5.259756594419701]
[0.03230009600520134],[-0.08521409332752228],[-19.28175144836745],[0.12243892252445221],[0.1131327897310257],[-5.259756594419701]
[0.04064877703785896],[-0.08693814277648926],[-13.368104416790498],[0.12243892252445221],[0.1131327897310257],[-5.259756594419701]
[0.052013006061315536],[-0.08870852738618851],[-5.154359368554366],[0.12243892252445221],[0.1131327897310257],[-5.259756594419701]
[0.06271843612194061],[-0.08815551549196243],[1.9312313723264876],[0.12243892252445221],[0.1131327897310257],[-5.259756594419701]
[0.07285016030073166],[-0.08682837337255478],[7.524745712986757],[0.12243892252445221],[0.1131327897310257],[-5.259756594419701]
[0.0838969424366951],[-0.08412077277898788],[12.502351664203363],[0.12243892252445221],[0.1131327897310257],[-5.259756594419701]
[0.09259346127510071],[-0.08136464655399323],[16.951125627486523],[0.12243892252445221],[0.1131327897310257],[-5.259756594419701]
[0.09904899448156357],[-0.0789288878440857],[20.454593532117347],[0.12243892252445221],[0.1131327897310257],[-5.259756594419701]
[0.10669861733913422],[-0.07549917697906494],[23.920780379508425],[0.12243892252445221],[0.1131327897310257],[-5.259756594419701]
[0.12032995373010635],[-0.0681888610124588],[28.42109584457248],[0.12243892252445221],[0.1131327897310257],[-5.259756594419701]
[0.12874820828437805],[-0.06271996349096298],[30.912839666535017],[0.12243892252445221],[0.1131327897310257],[-5.259756594419701]
[0.1392219066619873],[-0.05564919114112854],[34.02590523264985],[0.12243892252445221],[0.1131327897310257],[-5.259756594419701]
[0.14786173403263092],[-0.049399394541978836],[36.35174703656476],[0.12243892252445221],[0.1131327897310257],[-5.259756594419701]
[0.15595944225788116],[-0.042636048048734665],[38.42767443888987],[0.12243892252445221],[0.1131327897310257],[-5.259756594419701]
[0.16390268504619598],[-0.03568675369024277],[39.957016295532846],[0.12243892252445221],[0.1131327897310257],[-5.259756594419701]
[0.1764943152666092],[-0.02434637024998665],[42.04680714481978],[0.12243892252445221],[0.1131327897310257],[-5.259756594419701]
[0.18841113150119781],[-0.012613223865628242],[44.5266722221677],[0.12243892252445221],[0.1131327897310257],[-5.259756594419701]
[0.19588640332221985],[-0.004675400443375111],[46.00724185294768],[0.12243892252445221],[0.1131327897310257],[-5.259756594419701]
[0.20331737399101257],[0.003828689455986023],[47.15279434064546],[0.12243892252445221],[0.1131327897310257],[-5.259756594419701]
[0.2124132513999939],[0.014316758140921593],[48.429671046635846],[0.12243892252445221],[0.1131327897310257],[-5.259756594419701]
[0.21938814222812653],[0.022949358448386192],[49.50563314416591],[0.12243892252445221],[0.1131327897310257],[-5.259756594419701]
[0.22490401566028595],[0.02985880710184574],[50.457818324967796],[0.12243892252445221],[0.1131327897310257],[-5.259756594419701]
[0.23808041214942932],[0.04740985482931137],[52.852338307682196],[0.12243892252445221],[0.1131327897310257],[-5.259756594419701]
[0.2442605197429657],[0.056555576622486115],[53.785105776266484],[0.12243892252445221],[0.1131327897310257],[-5.259756594419701]
[0.25082290172576904],[0.06572878360748291],[54.768828115416696],[0.12243892252445221],[0.1131327897310257],[-5.259756594419701]
[0.25962021946907043],[0.07957649230957031],[55.89481815537619],[0.10195492953062057],[0.14980632066726685],[12.036825866762657]
[0.2661390006542206],[0.0897638350725174],[56.30073630713538],[0.09400150924921036],[0.1405438780784607],[10.91984705202754]
[0.27448520064353943],[0.10381194949150085],[57.16926681648788],[0.08292312175035477],[0.13148236274719238],[9.314309470156967]
[0.27972403168678284],[0.11175689101219177],[57.55790531924388],[0.07782430946826935],[0.12647846341133118],[7.918898429800041]
[0.2869824767112732],[0.12421850860118866],[57.89454161938119],[0.06986615061759949],[0.11967944353818893],[5.020846898625795]
[0.2942601442337036],[0.13646410405635834],[58.33946891338066],[0.06067864969372749],[0.11540946364402771],[3.139569071589306]
[0.30046361684799194],[0.14665350317955017],[58.937584215590384],[0.05197016894817352],[0.11386415362358093],[2.2211663828477253]
[0.30623045563697815],[0.15688873827457428],[59.37937512794098],[0.043435338884592056],[0.11399035900831223],[1.304547513177582]
[0.3132767975330353],[0.16952639818191528],[59.77533855728994],[0.032278720289468765],[0.11545279622077942],[0.8025727816465655]
[0.3187684118747711],[0.18041887879371643],[60.153713230597425],[0.022676387801766396],[0.116851307451725],[0.5827906888858481]
[0.32704347372055054],[0.19524140655994415],[60.348644945058346],[0.010137462057173252],[0.11790098249912262],[-0.29053944670948934]
[0.3361779749393463],[0.21247978508472443],[61.339763929882125],[-0.003910095430910587],[0.11803311109542847],[-1.5691051175813329]
[0.3418102562427521],[0.22375193238258362],[61.64933144445662],[-0.012341633439064026],[0.11733139306306839],[-2.2497348717794847]
[0.34799543023109436],[0.23461338877677917],[61.9001181398696],[-0.020260093733668327],[0.11663883179426193],[-3.174302453942379]
[0.35568445920944214],[0.2506757080554962],[62.82326427403718],[-0.030272824689745903],[0.11510705202817917],[-3.657600799755474]
[0.3610399067401886],[0.2622118890285492],[63.13036464281339],[-0.036638740450143814],[0.11357631534337997],[-4.220565703540045]
[0.3663080334663391],[0.2732786536216736],[63.29683994277506],[-0.04210355505347252],[0.11140016466379166],[-4.795274378115872]
[0.37246617674827576],[0.28813502192497253],[63.7511954320812],[-0.04750393331050873],[0.10873770713806152],[-5.546266112287179]
[0.3795120418071747],[0.30061855912208557],[64.43718027830211],[-0.05206238105893135],[0.10629493743181229],[-6.117587531790317]
[0.38351738452911377],[0.3098542392253876],[64.56713955724442],[-0.05492889881134033],[0.10465272516012192],[-6.6274339339082005]
[0.3887406587600708],[0.3190607726573944],[63.55208999048027],[-0.057126592844724655],[0.10328344255685806],[-6.771444757682184]
[0.39124611020088196],[0.32385894656181335],[67.5705909078149],[-0.05871480703353882],[0.10258300602436066],[-6.795362124006691]
[0.39406847953796387],[0.32144907116889954],[76.49170100143051],[-0.05980272963643074],[0.10246191173791885],[-6.549634506066284]
[0.40116143226623535],[0.3220798373222351],[84.17683143919608],[-0.05992952361702919],[0.10310158133506775],[-5.888729862049789]
[0.40644511580467224],[0.3242427706718445],[90.59733711343354],[-0.05917924642562866],[0.10402221232652664],[-5.074928027129795]
[0.41131147742271423],[0.3317217230796814],[96.46747524614142],[-0.05701189860701561],[0.10599742084741592],[-3.7489190785936493]
[0.4139949381351471],[0.3385770618915558],[94.74887158125291],[-0.055033937096595764],[0.10886619240045547],[-1.4965996605905052]
[0.41093122959136963],[0.34442174434661865],[89.88577474436362],[-0.05265544354915619],[0.11388185620307922],[1.3849351247541775]
[0.4057457745075226],[0.35060587525367737],[86.45332236502061],[-0.048937976360321045],[0.12112639099359512],[4.763428845652761]
[0.401184618473053],[0.354147732257843],[82.6172328456692],[-0.044839344918727875],[0.13094206154346466],[10.54915168122654]
[0.3955867290496826],[0.35463494062423706],[79.30727593056169],[-0.04161647707223892],[0.13988207280635834],[16.323184436071948]
[0.38501057028770447],[0.3513514995574951],[71.72203977234601],[-0.03756619617342949],[0.1515507847070694],[24.165797065735102]
[0.3693103790283203],[0.3439914286136627],[62.00981665392353],[-0.03206143528223038],[0.16266433894634247],[31.878784271967778]
[0.3487089276313782],[0.3337973654270172],[52.06410216838347],[-0.026731232181191444],[0.1722140610218048],[39.73063763623912]
[0.31798550486564636],[0.31480053067207336],[43.07502338897963],[-0.02162880264222622],[0.18242131173610687],[49.47148679031503]
[0.2991597056388855],[0.2969786822795868],[36.33156785994688],[-0.020469849929213524],[0.1835264414548874],[50.55350775304134]
[0.2834884226322174],[0.2832091748714447],[35.09409184970439],[-0.020469849929213524],[0.1835264414548874],[50.55350775304134]
[0.24363788962364197],[0.2542496919631958],[28.17489135815086],[-0.020469849929213524],[0.1835264414548874],[50.55350775304134]
[0.24363788962364197],[0.2542496919631958],[28.17489135815086],[-0.020469849929213524],[0.1835264414548874],[50.55350775304134]
[0.24363788962364197],[0.2542496919631958],[28.17489135815086],[-0.020469849929213524],[0.1835264414548874],[50.55350775304134]
[0.24363788962364197],[0.2542496919631958],[28.17489135815086],[-0.020469849929213524],[0.1835264414548874],[50.55350775304134]
[0.15190251171588898],[0.1994524449110031],[7.483944717364132],[-0.020469849929213524],[0.1835264414548874],[50.55350775304134]
[0.14412714540958405],[0.1949114203453064],[6.5389265364525],[-0.020469849929213524],[0.1835264414548874],[50.55350775304134]
[0.14412714540958405],[0.1949114203453064],[6.5389265364525],[-0.020469849929213524],[0.1835264414548874],[50.55350775304134]
[0.12368160486221313],[0.18369212746620178],[1.9336008740472006],[-0.020469849929213524],[0.1835264414548874],[50.55350775304134]
[0.11974982917308807],[0.18165259063243866],[1.1245724152463559],[-0.020469849929213524],[0.1835264414548874],[50.55350775304134]
[0.11658944934606552],[0.17933499813079834],[-0.8830003264035824],[-0.020469849929213524],[0.1835264414548874],[50.55350775304134]
[0.11429157108068466],[0.17818358540534973],[-1.9963106523712018],[-0.020469849929213524],[0.1835264414548874],[50.55350775304134]
[0.11256901174783707],[0.178354412317276],[-3.689182254277361],[-0.020469849929213524],[0.1835264414548874],[50.55350775304134]
[0.11056043207645416],[0.17731070518493652],[-2.6107829445488364],[-0.020469849929213524],[0.1835264414548874],[50.55350775304134]
[0.10527317970991135],[0.1710844486951828],[0.6981759566526987],[-0.020469849929213524],[0.1835264414548874],[50.55350775304134]
[0.10302019119262695],[0.1702607423067093],[-0.7990610529261489],[-0.020469849929213524],[0.1835264414548874],[50.55350775304134]
[0.0986461192369461],[0.16826750338077545],[-0.8383470361510544],[-0.020469849929213524],[0.1835264414548874],[50.55350775304134]
[0.09518647193908691],[0.16748248040676117],[-0.45903156579731247],[-0.020469849929213524],[0.1835264414548874],[50.55350775304134]
[0.09201103448867798],[0.16668975353240967],[0.5298794100852648],[-0.020469849929213524],[0.1835264414548874],[50.55350775304134]
[0.08760866522789001],[0.16581317782402039],[1.0856047075549446],[-0.020469849929213524],[0.1835264414548874],[50.55350775304134]
[0.08350522816181183],[0.16599714756011963],[0.14991069963451856],[-0.020469849929213524],[0.1835264414548874],[50.55350775304134]
[0.08096423745155334],[0.16709774732589722],[-1.46206116529852],[-0.020469849929213524],[0.1835264414548874],[50.55350775304134]
[0.07843253016471863],[0.16828911006450653],[-2.0682027974508292],[-0.020469849929213524],[0.1835264414548874],[50.55350775304134]
[0.0762414038181305],[0.16918054223060608],[-2.884330414095003],[-0.020469849929213524],[0.1835264414548874],[50.55350775304134]
[0.073523610830307],[0.17109867930412292],[-2.828552880320542],[-0.020469849929213524],[0.1835264414548874],[50.55350775304134]
[0.07308046519756317],[0.17083574831485748],[-1.868141498930435],[-0.020469849929213524],[0.1835264414548874],[50.55350775304134]
[0.07385284453630447],[0.1693757027387619],[0.31357239169178236],[-0.020469849929213524],[0.1835264414548874],[50.55350775304134]
[0.0794992670416832],[0.16558270156383514],[6.755693830390687],[-0.020469849929213524],[0.1835264414548874],[50.55350775304134]
[0.0863032191991806],[0.1623425930738449],[14.551406726391027],[-0.020469849929213524],[0.1835264414548874],[50.55350775304134]
[0.09544457495212555],[0.15568585693836212],[29.624928253664066],[-0.020469849929213524],[0.1835264414548874],[50.55350775304134]
[0.10183485597372055],[0.14934703707695007],[41.58976648714406],[-0.020469849929213524],[0.1835264414548874],[50.55350775304134]
[0.0973663330078125],[0.1465664505958557],[46.99158929739413],[-0.020469849929213524],[0.1835264414548874],[50.55350775304134]
[0.09232586622238159],[0.1427295207977295],[52.62247253234377],[-0.020469849929213524],[0.1835264414548874],[50.55350775304134]
[0.08863689750432968],[0.14014188945293427],[55.08023511708954],[-0.020469849929213524],[0.1835264414548874],[50.55350775304134]
[0.0847434401512146],[0.13848711550235748],[56.404800577367006],[-0.020469849929213524],[0.1835264414548874],[50.55350775304134]
[0.07863571494817734],[0.13628345727920532],[57.40664026587767],[-0.020469849929213524],[0.1835264414548874],[50.55350775304134]
[0.07131508737802505],[0.13583821058273315],[56.289115978052315],[-0.020469849929213524],[0.1835264414548874],[50.55350775304134]
[0.0677056685090065],[0.1357307881116867],[55.862141015088234],[-0.020469849929213524],[0.1835264414548874],[50.55350775304134]
[0.06391782313585281],[0.1349382996559143],[55.17889981435804],[-0.020469849929213524],[0.1835264414548874],[50.55350775304134]
[0.060508158057928085],[0.13483253121376038],[53.699966167485776],[-0.020469849929213524],[0.1835264414548874],[50.55350775304134]
[0.05816951021552086],[0.13479983806610107],[53.16304825791251],[-0.020469849929213524],[0.1835264414548874],[50.55350775304134]
[0.05540962889790535],[0.13526023924350739],[51.70037546279884],[-0.020469849929213524],[0.1835264414548874],[50.55350775304134]
[0.053770340979099274],[0.13531456887722015],[51.30192493407398],[-0.020469849929213524],[0.1835264414548874],[50.55350775304134]
[0.05077078565955162],[0.13483785092830658],[50.61502212343049],[-0.020469849929213524],[0.1835264414548874],[50.55350775304134]
[0.05094115063548088],[0.13346055150032043],[51.194695985572764],[-0.020469849929213524],[0.1835264414548874],[50.55350775304134]
[0.05082337558269501],[0.13257703185081482],[51.80572003267714],[-0.020469849929213524],[0.1835264414548874],[50.55350775304134]
[0.05085981637239456],[0.1326451152563095],[52.66911152561141],[-0.020469849929213524],[0.1835264414548874],[50.55350775304134]
[0.049235571175813675],[0.1337646245956421],[54.81205522810787],[-0.020469849929213524],[0.1835264414548874],[50.55350775304134]
[0.04954947531223297],[0.1360074281692505],[55.1043974942297],[-0.020469849929213524],[0.1835264414548874],[50.55350775304134]
[0.05113280564546585],[0.13624288141727448],[55.04587073072477],[-0.020469849929213524],[0.1835264414548874],[50.55350775304134]
[0.053224898874759674],[0.1348857432603836],[55.35006210957822],[-0.020469849929213524],[0.1835264414548874],[50.55350775304134]
[0.05475514754652977],[0.13403727114200592],[55.5691321183139],[-0.020469849929213524],[0.1835264414548874],[50.55350775304134]
[0.05547347292304039],[0.13442054390907288],[54.88214374099145],[-0.020469849929213524],[0.1835264414548874],[50.55350775304134]
[0.05703344568610191],[0.13406524062156677],[55.11823687463896],[-0.020469849929213524],[0.1835264414548874],[50.55350775304134]
[0.058191895484924316],[0.13316094875335693],[55.20378148152522],[-0.020469849929213524],[0.1835264414548874],[50.55350775304134]
[0.05969091132283211],[0.13164837658405304],[55.00374497226993],[-0.020469849929213524],[0.1835264414548874],[50.55350775304134]
[0.05842968448996544],[0.13100193440914154],[54.273817603794264],[-0.020469849929213524],[0.1835264414548874],[50.55350775304134]
[0.05690447613596916],[0.13108384609222412],[52.072473085000226],[-0.020469849929213524],[0.1835264414548874],[50.55350775304134]
[0.05592016130685806],[0.13196474313735962],[49.51899079393152],[-0.020469849929213524],[0.1835264414548874],[50.55350775304134]
[0.05543447285890579],[0.13236743211746216],[47.75748870667091],[-0.020469849929213524],[0.1835264414548874],[50.55350775304134]
[0.0589928925037384],[0.1309686005115509],[46.22548878701898],[-0.020469849929213524],[0.1835264414548874],[50.55350775304134]
[0.06777944415807724],[0.12806066870689392],[43.212498749041025],[-0.020469849929213524],[0.1835264414548874],[50.55350775304134]
[0.07961224764585495],[0.12451452761888504],[39.78117859132781],[-0.020469849929213524],[0.1835264414548874],[50.55350775304134]
[0.08947127312421799],[0.12144559621810913],[37.80423344494003],[-0.08363407105207443],[0.17384402453899384],[44.84487693355188]
[0.1046137809753418],[0.11779917776584625],[32.468273970021336],[-0.08635785430669785],[0.17249217629432678],[50.477340559487914]
[0.11802936345338821],[0.11375508457422256],[27.78683449138046],[-0.08635785430669785],[0.17249217629432678],[50.477340559487914]
[0.13146860897541046],[0.11597150564193726],[23.86851670958706],[-0.08635785430669785],[0.17249217629432678],[50.477340559487914]
[0.14036820828914642],[0.12386474013328552],[20.17645689663574],[-0.06712980568408966],[0.14268389344215393],[35.35800713675738]
[0.1435946226119995],[0.13141702115535736],[18.51230301553869],[-0.06025351583957672],[0.13271990418434143],[29.175578388387034]
[0.144223153591156],[0.13791170716285706],[17.59299287612043],[-0.05555915832519531],[0.12658366560935974],[25.732972715281914]
[0.14379975199699402],[0.14805811643600464],[17.211418126472967],[-0.04877309501171112],[0.11762178689241409],[21.112637434966988]
[0.14205026626586914],[0.15533116459846497],[17.14439119751047],[-0.04355822131037712],[0.11248235404491425],[17.298113311977072]
[0.14108042418956757],[0.162138894200325],[16.77762818305383],[-0.038663897663354874],[0.10911377519369125],[14.004148719275578]
[0.14020578563213348],[0.16761285066604614],[16.901295304272516],[-0.0345190167427063],[0.10693619400262833],[11.070201613365585]
[0.13977481424808502],[0.1717320680618286],[16.188687286095714],[-0.03082983009517193],[0.10622097551822662],[8.794538333485901]
[0.14027510583400726],[0.1765495240688324],[17.595147916799885],[-0.027954282239079475],[0.10623012483119965],[7.886152486139149]
[0.1404588520526886],[0.1785198152065277],[17.72452485197565],[-0.02494712360203266],[0.107233427464962],[7.219506105764348]
[0.14162515103816986],[0.1831638067960739],[16.4862457696321],[-0.018643975257873535],[0.10816721618175507],[5.378029229464945]
[0.14162515103816986],[0.1831638067960739],[16.4862457696321],[-0.01487380638718605],[0.10756275057792664],[4.409311780511955]
[0.14170990884304047],[0.1979147046804428],[15.8625110362627],[-0.011061146855354309],[0.10673556476831436],[3.495924278013989]
[0.14134885370731354],[0.19874629378318787],[16.728881827912378],[-0.008524550125002861],[0.10555986315011978],[2.8841281832880568]
[0.14127115905284882],[0.1987716555595398],[17.2370999763148],[-0.004606613889336586],[0.10382553935050964],[1.1221453167712194]
[0.14383596181869507],[0.199120432138443],[16.75073034199462],[-8.125205204123631e-05],[0.10229744017124176],[-1.330459491894195]
[0.14791150391101837],[0.2007167637348175],[15.963163775706601],[0.00294563639909029],[0.10163522511720657],[-2.8043990792506177]
[0.15352582931518555],[0.20575574040412903],[14.535263204242078],[0.00901773851364851],[0.1046496257185936],[-3.5270597322371264]
[0.15352582931518555],[0.20575574040412903],[14.535263204242078],[0.013127858750522137],[0.10714223980903625],[-3.908989970720061]
[0.15352582931518555],[0.20575574040412903],[14.535263204242078],[0.01690075732767582],[0.10866391658782959],[-4.543547310457504]
[0.15766873955726624],[0.209121435880661],[14.663782492249009],[0.021629665046930313],[0.11044729501008987],[-5.06045637941228]
[0.16024018824100494],[0.20973807573318481],[14.685438526950046],[0.03003034181892872],[0.11502891778945923],[-5.544023233260157]
[0.15962468087673187],[0.20958013832569122],[14.728878927919904],[0.04063563793897629],[0.12005680799484253],[-4.235703787665395]
[0.15835750102996826],[0.20920707285404205],[14.945410669013452],[0.04927024990320206],[0.12329553067684174],[-3.457660975848637]
[0.15755078196525574],[0.20888137817382812],[14.802587575647806],[0.05684599652886391],[0.12492597103118896],[-3.5718278459337225]
[0.15520934760570526],[0.20821532607078552],[14.80977424412264],[0.06642510741949081],[0.12597036361694336],[-3.604504722421109]
[0.15426476299762726],[0.2079906314611435],[14.879965077596138],[0.07466064393520355],[0.12877286970615387],[-2.601437198113512]
[0.15430030226707458],[0.20803242921829224],[14.910967348865663],[0.08483610302209854],[0.1351468563079834],[-0.03891193874431964]
[0.154206320643425],[0.2081795185804367],[15.262389856930161],[0.09105225652456284],[0.1387852430343628],[1.0837560458732691]
[0.15422990918159485],[0.20820699632167816],[15.370046883766731],[0.09758466482162476],[0.14320117235183716],[3.215443615660388]
[0.15422311425209045],[0.20819681882858276],[15.360041014528187],[0.10609730333089828],[0.15005001425743103],[5.623586910818165]
[0.15430620312690735],[0.2081381380558014],[15.392929626737216],[0.11805150657892227],[0.1598592847585678],[9.267745518644942]
[0.15422527492046356],[0.20819607377052307],[15.364076093528672],[0.12931345403194427],[0.17873281240463257],[15.01788468934685]
[0.15422238409519196],[0.20819073915481567],[15.370024807162666],[0.1347397118806839],[0.1932174265384674],[19.05435190716583]
[0.15422695875167847],[0.20819862186908722],[15.372893960106058],[0.14096251130104065],[0.20863699913024902],[24.38229783231601]
[0.15422755479812622],[0.20819173753261566],[15.379165832686366],[0.14355739951133728],[0.22318419814109802],[30.773881172558593]
[0.15422263741493225],[0.20819854736328125],[15.37972445665329],[0.14355739951133728],[0.22318419814109802],[30.773881172558593]
[0.15421804785728455],[0.2082008570432663],[15.374133779748387],[0.14355739951133728],[0.22318419814109802],[30.773881172558593]
[0.15421803295612335],[0.20818544924259186],[15.37827058752635],[0.14355739951133728],[0.22318419814109802],[30.773881172558593]
[0.15421724319458008],[0.20817966759204865],[15.377269614488641],[0.14355739951133728],[0.22318419814109802],[30.773881172558593]
[0.1542188972234726],[0.20817884802818298],[15.382270491513161],[0.14355739951133728],[0.22318419814109802],[30.773881172558593]
[0.15418262779712677],[0.20819848775863647],[15.354328754314382],[0.14355739951133728],[0.22318419814109802],[30.773881172558593]
[0.15425701439380646],[0.20814916491508484],[15.384486462261856],[0.14355739951133728],[0.22318419814109802],[30.773881172558593]
[0.1542595624923706],[0.20815454423427582],[15.384488374522409],[0.14355739951133728],[0.22318419814109802],[30.773881172558593]
[0.15422101318836212],[0.20818595588207245],[15.379686559775626],[0.14355739951133728],[0.22318419814109802],[30.773881172558593]
[0.15422216057777405],[0.20818845927715302],[15.389284676694336],[0.14355739951133728],[0.22318419814109802],[30.773881172558593]
[0.15421366691589355],[0.2081833779811859],[15.385592654449283],[0.14355739951133728],[0.22318419814109802],[30.773881172558593]
[0.15421034395694733],[0.20817922055721283],[15.387550101111927],[0.14355739951133728],[0.22318419814109802],[30.773881172558593]
[0.15421892702579498],[0.2081880271434784],[15.398377203768305],[0.14355739951133728],[0.22318419814109802],[30.773881172558593]
[0.15421786904335022],[0.2081889659166336],[15.397440598115507],[0.14355739951133728],[0.22318419814109802],[30.773881172558593]
[0.1542331576347351],[0.2082034945487976],[15.389411844570837],[0.14355739951133728],[0.22318419814109802],[30.773881172558593]
[0.15424233675003052],[0.20821166038513184],[15.395887080162419],[0.14355739951133728],[0.22318419814109802],[30.773881172558593]
[0.15425391495227814],[0.2082177847623825],[15.392294686467023],[0.15137839317321777],[0.3089381754398346],[60.70529368284914]
[0.15416854619979858],[0.20818598568439484],[15.418593817432988],[0.1462162286043167],[0.30437609553337097],[61.545378660433386]
[0.15416689217090607],[0.20818838477134705],[15.421743078323233],[0.13955916464328766],[0.30172091722488403],[60.492217587983]
[0.154169961810112],[0.20819063484668732],[15.415551442634792],[0.13596737384796143],[0.3005165159702301],[60.25791529992093]
[0.15416784584522247],[0.20818838477134705],[15.417741628057318],[0.1316840797662735],[0.2982901632785797],[60.899781458037026]
[0.15417161583900452],[0.20818297564983368],[15.422923325688183],[0.12763918936252594],[0.2961394190788269],[60.48911330233077]
[0.15417298674583435],[0.20819422602653503],[15.421064832596302],[0.12221553921699524],[0.29476994276046753],[61.5396120592793]
[0.1541692167520523],[0.20818163454532623],[15.424028781520493],[0.11931818723678589],[0.2928448021411896],[60.76714798042746]
[0.15416985750198364],[0.20818884670734406],[15.418210988778448],[0.11870543658733368],[0.288656085729599],[60.32873200194735]
[0.15416762232780457],[0.20818816125392914],[15.416140113323687],[0.11883442848920822],[0.2866935431957245],[60.029856101475254]
[0.15417486429214478],[0.20818305015563965],[15.418859959530632],[0.1197419986128807],[0.2846912741661072],[59.23670077690181]
[0.15418396890163422],[0.20819714665412903],[15.419160241865335],[0.12241152673959732],[0.28301581740379333],[57.588300056611416]
[0.15417681634426117],[0.2081935852766037],[15.418407020802135],[0.12480985373258591],[0.2830298840999603],[57.481390261329814]
[0.15417775511741638],[0.20820043981075287],[15.415356401572204],[0.1308405101299286],[0.2848424017429352],[58.03375404525548]
[0.15416453778743744],[0.20818237960338593],[15.417592653447967],[0.13691727817058563],[0.2839910387992859],[62.47467423655415]
[0.15417467057704926],[0.20818094909191132],[15.419558694549153],[0.13408376276493073],[0.2776162028312683],[66.1258363085067]
[0.15417802333831787],[0.20818671584129333],[15.416571760400968],[0.13032102584838867],[0.27454057335853577],[70.00509601247123]
[0.15417368710041046],[0.20818910002708435],[15.42124348328346],[0.1242961511015892],[0.27205777168273926],[71.0540928790463]
[0.1541765183210373],[0.20818738639354706],[15.415701136595931],[0.11757519096136093],[0.26395273208618164],[78.6281745973464]
[0.15418420732021332],[0.20818394422531128],[15.415648455012516],[0.11778587102890015],[0.2644689679145813],[77.4872064813033]
[0.15418404340744019],[0.20819121599197388],[15.414921265392776],[0.11419226229190826],[0.2643018960952759],[68.7047923618979]
[0.15418259799480438],[0.20818734169006348],[15.417787783731253],[0.11424243450164795],[0.26314711570739746],[66.66683666941492]
[0.15417736768722534],[0.20819348096847534],[15.417715654274346],[0.11295008659362793],[0.2598869502544403],[65.55244345940146]
[0.15426692366600037],[0.20821312069892883],[15.382675525850761],[0.10980259627103806],[0.2564381957054138],[66.27957739727877]
[0.15425094962120056],[0.20821312069892883],[15.38688986661043],[0.10791495442390442],[0.25264009833335876],[59.11044546831889]
[0.1542464792728424],[0.20821012556552887],[15.389844600246516],[0.10257992893457413],[0.2568930983543396],[64.53305060985753]
[0.15424175560474396],[0.20820993185043335],[15.389090336266197],[0.09966323524713516],[0.261422723531723],[66.8451834799663]
[0.1542373150587082],[0.20820678770542145],[15.390249105923187],[0.09766402095556259],[0.263833224773407],[66.05333138404337]
[0.1542336344718933],[0.2082000970840454],[15.389419205047856],[0.0962509959936142],[0.26343369483947754],[66.89585377427818]
[0.1542409211397171],[0.2082033008337021],[15.394170908349466],[0.09484034776687622],[0.26360613107681274],[63.498693842013054]
[0.15423062443733215],[0.2082090675830841],[15.392203334850885],[0.0913730263710022],[0.26583266258239746],[63.073426240180254]
[0.1542360484600067],[0.20821551978588104],[15.39127192105136],[0.08818701654672623],[0.2662576735019684],[66.51835075342399]
[0.15423016250133514],[0.20821189880371094],[15.393681682029763],[0.08616717904806137],[0.26150232553482056],[75.92664885517976]
[0.15423016250133514],[0.20820339024066925],[15.393610987652986],[0.0883251279592514],[0.25529614090919495],[79.01942857097073]
[0.1542380303144455],[0.20820625126361847],[15.39319382278601],[0.08924377709627151],[0.2514878511428833],[80.95177432593624]
[0.15423156321048737],[0.20820127427577972],[15.39308870255038],[0.08924377709627151],[0.2514878511428833],[80.95177432593624]
[0.1543181985616684],[0.20814907550811768],[15.423236466495897],[0.08924377709627151],[0.2514878511428833],[80.95177432593624]
[0.1542293280363083],[0.2082083374261856],[15.39350242024021],[0.08924377709627151],[0.2514878511428833],[80.95177432593624]
[0.15423046052455902],[0.20819970965385437],[15.393664074180732],[0.037593819200992584],[0.2208806574344635],[176.8165305688475]
[0.15431544184684753],[0.20814470946788788],[15.423693997858841],[0.03625508397817612],[0.22527378797531128],[-179.72700206106921]
[0.1542351245880127],[0.20820796489715576],[15.394308329467021],[0.03625508397817612],[0.22527378797531128],[-179.72700206106921]
[0.15424007177352905],[0.20820701122283936],[15.38980661674585],[0.03625508397817612],[0.22527378797531128],[-179.72700206106921]
[0.1542365401983261],[0.20820997655391693],[15.392799771672266],[0.03625508397817612],[0.22527378797531128],[-179.72700206106921]
[0.15424008667469025],[0.20820973813533783],[15.387706030303804],[0.03625508397817612],[0.22527378797531128],[-179.72700206106921]
[0.15422654151916504],[0.20820942521095276],[15.390538933138316],[0.03625508397817612],[0.22527378797531128],[-179.72700206106921]
[0.15423721075057983],[0.20821183919906616],[15.390259145658804],[0.03625508397817612],[0.22527378797531128],[-179.72700206106921]
[0.15423506498336792],[0.20820818841457367],[15.393819885995056],[0.03625508397817612],[0.22527378797531128],[-179.72700206106921]
[0.15424133837223053],[0.20821134746074677],[15.386723424152422],[0.03625508397817612],[0.22527378797531128],[-179.72700206106921]
[0.15424217283725739],[0.20821787416934967],[15.388583338998595],[0.03625508397817612],[0.22527378797531128],[-179.72700206106921]
[0.15423257648944855],[0.20821575820446014],[15.390353608752246],[0.03625508397817612],[0.22527378797531128],[-179.72700206106921]
[0.15423740446567535],[0.20821428298950195],[15.389094807291928],[0.03625508397817612],[0.22527378797531128],[-179.72700206106921]
[0.1542377471923828],[0.2082149237394333],[15.391385471808977],[0.03625508397817612],[0.22527378797531128],[-179.72700206106921]
[0.15423549711704254],[0.20821741223335266],[15.386634335420792],[0.03625508397817612],[0.22527378797531128],[-179.72700206106921]
[0.154238760471344],[0.20821590721607208],[15.391073136372407],[0.03625508397817612],[0.22527378797531128],[-179.72700206106921]
[0.15423470735549927],[0.20821070671081543],[15.390039697039313],[0.03625508397817612],[0.22527378797531128],[-179.72700206106921]
[0.15423128008842468],[0.20820344984531403],[15.385880357300834],[0.03625508397817612],[0.22527378797531128],[-179.72700206106921]
[0.15422192215919495],[0.20821072161197662],[15.392641522672246],[0.03625508397817612],[0.22527378797531128],[-179.72700206106921]
[0.15423502027988434],[0.2082143872976303],[15.392847357143513],[0.03625508397817612],[0.22527378797531128],[-179.72700206106921]
[0.1542358249425888],[0.20821082592010498],[15.392251144876694],[0.03625508397817612],[0.22527378797531128],[-179.72700206106921]
[0.15422949194908142],[0.2082110047340393],[15.389893066082864],[0.03625508397817612],[0.22527378797531128],[-179.72700206106921]
[0.15423142910003662],[0.20821236073970795],[15.386792445780234],[0.03625508397817612],[0.22527378797531128],[-179.72700206106921]
[0.15423384308815002],[0.20821984112262726],[15.388452157984403],[0.03625508397817612],[0.22527378797531128],[-179.72700206106921]
[0.1542351096868515],[0.20821329951286316],[15.392470372696659],[0.03625508397817612],[0.22527378797531128],[-179.72700206106921]
[0.15424197912216187],[0.20821937918663025],[15.39197699165702],[0.03625508397817612],[0.22527378797531128],[-179.72700206106921]
[0.15424494445323944],[0.20822007954120636],[15.387628443236443],[0.03625508397817612],[0.22527378797531128],[-179.72700206106921]
[0.15423299372196198],[0.20820735394954681],[15.389886274183295],[0.03625508397817612],[0.22527378797531128],[-179.72700206106921]
[0.1542302817106247],[0.20820799469947815],[15.38687662285637],[0.03625508397817612],[0.22527378797531128],[-179.72700206106921]
[0.15423500537872314],[0.2082010805606842],[15.384684311865776],[0.03625508397817612],[0.22527378797531128],[-179.72700206106921]
[0.15423259139060974],[0.20820777118206024],[15.387760824089145],[0.03625508397817612],[0.22527378797531128],[-179.72700206106921]
[0.1542411893606186],[0.2082136571407318],[15.390755155845136],[0.03625508397817612],[0.22527378797531128],[-179.72700206106921]
[0.1542450189590454],[0.20821096003055573],[15.389151427036419],[0.03625508397817612],[0.22527378797531128],[-179.72700206106921]
[0.15424217283725739],[0.20821595191955566],[15.381014426681999],[0.03625508397817612],[0.22527378797531128],[-179.72700206106921]
[0.1542394906282425],[0.20821058750152588],[15.388240080664954],[0.03625508397817612],[0.22527378797531128],[-179.72700206106921]
[0.15424123406410217],[0.20821581780910492],[15.38601945804236],[0.12173429131507874],[0.20771054923534393],[-154.8140912366096]
[0.15423862636089325],[0.20821037888526917],[15.389525863800694],[0.12773847579956055],[0.21249353885650635],[-154.3616414010447]
[0.15424390137195587],[0.20821061730384827],[15.38661374002171],[0.12773847579956055],[0.21249353885650635],[-154.3616414010447]
[0.15422877669334412],[0.20821048319339752],[15.381646130329555],[0.12773847579956055],[0.21249353885650635],[-154.3616414010447]
[0.1542367935180664],[0.2082049548625946],[15.387957857048843],[0.14874203503131866],[0.21501357853412628],[-140.79165295747586]
[0.15423844754695892],[0.20821304619312286],[15.38568667367815],[0.14817407727241516],[0.2093346118927002],[-136.67035313324857]
[0.15423832833766937],[0.2082110047340393],[15.385531616954427],[0.14660969376564026],[0.20774798095226288],[-134.5061676157327]
[0.15423177182674408],[0.20820091664791107],[15.38816265924273],[0.14575855433940887],[0.2056521326303482],[-132.76619079151317]
[0.15423111617565155],[0.20821186900138855],[15.388517314604917],[0.14343908429145813],[0.1976819783449173],[-126.50945375348623]
[0.15423153340816498],[0.208218514919281],[15.391735879361413],[0.13745559751987457],[0.19025550782680511],[-123.71320861359435]
[0.15433157980442047],[0.2081640511751175],[15.419150633575814],[0.13352636992931366],[0.19200094044208527],[-122.76671444337607]
[0.1543317437171936],[0.20816196501255035],[15.423694774932672],[0.13520480692386627],[0.1967271864414215],[-119.50073531661735]
[0.15423227846622467],[0.20821917057037354],[15.383577587753408],[0.13736851513385773],[0.19958090782165527],[-117.59605311990742]
[0.15423204004764557],[0.20820607244968414],[15.38551547375933],[0.1402825564146042],[0.20222988724708557],[-115.3768595698926]
[0.15423400700092316],[0.20820735394954681],[15.39053159566563],[0.14030784368515015],[0.20138271152973175],[-114.53362338154331]
[0.15422286093235016],[0.2082085907459259],[15.389403320621005],[0.13912251591682434],[0.1994541883468628],[-114.30967120837407]
[0.15423880517482758],[0.20819897949695587],[15.386586701592927],[0.14175352454185486],[0.19848114252090454],[-113.7491235390309]
[0.15424032509326935],[0.20820611715316772],[15.384839342051693],[0.1455671638250351],[0.1966475546360016],[-112.33767526777228]
[0.1542401760816574],[0.20820534229278564],[15.388474532360641],[0.14994022250175476],[0.196666419506073],[-109.86233914451599]
[0.15423856675624847],[0.20820383727550507],[15.387853166590002],[0.15245264768600464],[0.19775547087192535],[-109.07207614111887]
[0.15422433614730835],[0.20820125937461853],[15.388108577329463],[0.15279334783554077],[0.20116688311100006],[-108.25812147002091]
[0.1542380154132843],[0.20822621881961823],[15.385962389042916],[0.1551617830991745],[0.20791135728359222],[-100.22761215931412]
[0.15422576665878296],[0.2082015872001648],[15.387078845330693],[0.15867118537425995],[0.21502411365509033],[-92.34055617816911]
[0.15423583984375],[0.2082020342350006],[15.387130960993135],[0.16025172173976898],[0.2271551936864853],[-78.93240616553281]
[0.15423183143138885],[0.20820826292037964],[15.387938121388899],[0.15786227583885193],[0.2308545559644699],[-73.0425835726357]
[0.1542387306690216],[0.20822584629058838],[15.386595274042376],[0.14886288344860077],[0.2269936054944992],[-67.67872856364123]
[0.15424074232578278],[0.2082076221704483],[15.380100691180747],[0.1438179761171341],[0.221634641289711],[-66.92445203963493]
[0.1543215662240982],[0.2081403136253357],[15.410984547508724],[0.14061282575130463],[0.21525262296199799],[-65.27815966863142]
[0.15422360599040985],[0.20820537209510803],[15.385152094898233],[0.14137381315231323],[0.20543327927589417],[-62.91729227425108]
[0.15423236787319183],[0.20820315182209015],[15.383938401945924],[0.14840424060821533],[0.19117194414138794],[-57.43385882858978]
[0.1542377918958664],[0.20821011066436768],[15.386538645713312],[0.1585000902414322],[0.1549951732158661],[-58.47337505932588]
[0.15423481166362762],[0.2082131803035736],[15.385770495974489],[0.16314883530139923],[0.12944403290748596],[-64.33983455228393]
[0.1542399674654007],[0.20821598172187805],[15.386527394723885],[0.16520622372627258],[0.10274187475442886],[-69.70140646394145]
[0.15423549711704254],[0.20820385217666626],[15.3811101784389],[0.16257263720035553],[0.07562731206417084],[-72.92970550655419]
[0.1542341113090515],[0.20819590985774994],[15.375485821088445],[0.15528558194637299],[0.043143630027770996],[-75.85545863505153]
[0.15418218076229095],[0.20817361772060394],[15.395449368433715],[0.138916015625],[0.005748058203607798],[-82.00064141620338]
[0.15418609976768494],[0.20817877352237701],[15.397231967611246],[0.12115483731031418],[-0.01869329810142517],[-86.5480852940662]
[0.15417471528053284],[0.2081698328256607],[15.411586218258579],[0.09799658507108688],[-0.039589814841747284],[-91.09635911398149]
[0.1541976034641266],[0.20819276571273804],[15.396792780656885],[0.07158377766609192],[-0.05620116740465164],[-95.75115744611017]
[0.15419574081897736],[0.20813637971878052],[15.39632310247008],[0.042046427726745605],[-0.06917526572942734],[-100.62611785373555]
[0.15402700006961823],[0.208261638879776],[15.378893155737801],[0.011339344084262848],[-0.07962531596422195],[-106.11269122528765]
[0.15410713851451874],[0.20825690031051636],[15.318392584707334],[-0.019859982654452324],[-0.08743159472942352],[-112.61302091470773]
[0.154417484998703],[0.20808744430541992],[15.402966513791883],[-0.05046161264181137],[-0.09283894300460815],[-120.64777235152012]
[0.15433968603610992],[0.20811666548252106],[15.354791829961021],[-0.09711547195911407],[-0.0946638435125351],[-131.48903202013835]
[0.15444160997867584],[0.20805121958255768],[15.357625642233208],[-0.12406513094902039],[-0.09199240058660507],[-137.56601698261545]
[0.15437816083431244],[0.20809434354305267],[15.337916494464634],[-0.14769279956817627],[-0.08677243441343307],[-142.14529592807742]
[0.15428665280342102],[0.20795954763889313],[15.547814776753551],[-0.17140547931194305],[-0.0785452201962471],[-147.13704396366128]
[0.15507850050926208],[0.20745067298412323],[15.377190593187375],[-0.19345161318778992],[-0.06774824857711792],[-150.82870350055197]
[0.15536004304885864],[0.20734663307666779],[15.129252981299443],[-0.20810940861701965],[-0.059750452637672424],[-154.08065239458566]
[0.1564568132162094],[0.2078208178281784],[15.32851005230795],[-0.21719947457313538],[-0.05472147837281227],[-156.18792130337417]
[0.1637362837791443],[0.2068655639886856],[10.965948308698616],[-0.22366061806678772],[-0.051223136484622955],[-156.47086987283726]
[0.1668023020029068],[0.2042998969554901],[9.362855737728426],[-0.22553525865077972],[-0.050738587975502014],[-156.25409858733718]
[0.17311815917491913],[0.19912973046302795],[5.032698465989646],[-0.22671033442020416],[-0.05311635509133339],[-156.34691806788362]
[0.17617538571357727],[0.19947780668735504],[7.530515490519594],[-0.2267974317073822],[-0.05629345402121544],[-156.09698935515982]
[0.17611895501613617],[0.19826002418994904],[7.319876345872457],[-0.22545801103115082],[-0.06052424758672714],[-155.70924234828965]
[0.17215386033058167],[0.19607143104076385],[1.8724340381368663],[-0.2237522155046463],[-0.06537315249443054],[-155.29231488038593]
[0.16661472618579865],[0.19622363150119781],[-4.116477921799545],[-0.22054769098758698],[-0.07239634543657303],[-154.05285822628454]
[0.17500191926956177],[0.19682739675045013],[0.2811311097825821],[-0.2157980501651764],[-0.07904034852981567],[-151.69780499515747]
[0.17767365276813507],[0.19834484159946442],[0.627914922142337],[-0.21238155663013458],[-0.08356782793998718],[-149.96292039044945]
[0.17679168283939362],[0.1986899971961975],[-1.192458126326555],[-0.20896373689174652],[-0.08789481222629547],[-148.69438231396094]
[0.17659223079681396],[0.20044901967048645],[-3.3456076334969684],[-0.2057819813489914],[-0.09099467843770981],[-147.97164210793474]
[0.17660968005657196],[0.20417213439941406],[-4.492644580102711],[-0.20202133059501648],[-0.09434986859560013],[-147.22881820543873]
[0.1789620816707611],[0.21204890310764313],[-8.241608678634917],[-0.19780316948890686],[-0.0974549874663353],[-146.9242661939676]
[0.17011626064777374],[0.4327775239944458],[18.57194837748673],[-0.10110394656658173],[-0.15025730431079865],[-137.7018412909596]
[-0.5414242744445801],[0.8335556387901306],[112.20539773170657],[-0.09858625382184982],[0.7950586080551147],[24.292741284356858]
