[-0.37566590309143066],[0.8671140670776367],[-62.77979271410477],[-0.12294837832450867],[1.087885856628418],[-165.4694917093683]
[-0.37565848231315613],[0.8671129941940308],[-62.77869076218649],[-0.12294527888298035],[1.087899923324585],[-165.47867177276024]
[-0.375662237405777],[0.8671175837516785],[-62.777485824633324],[-0.12284202128648758],[1.0878474712371826],[-165.5369598568037]
[-0.3756544589996338],[0.867114782333374],[-62.78271958964629],[-0.12282466143369675],[1.0878530740737915],[-165.5619349523707]
[-0.37567320466041565],[0.867106556892395],[-62.77823999371077],[-0.12286430597305298],[1.0875734090805054],[-165.37625901145006]
[-0.37565380334854126],[0.8671064376831055],[-62.78174032070287],[-0.1228104755282402],[1.087801456451416],[-165.54327853416908]
[-0.37565767765045166],[0.8671149015426636],[-62.78120990467441],[-0.12281934171915054],[1.0878026485443115],[-165.54172640000087]
[-0.375655859708786],[0.8671037554740906],[-62.77907490584633],[-0.1228027269244194],[1.087798833847046],[-165.54771363606318]
[-0.37565141916275024],[0.8671237826347351],[-62.786915841378864],[-0.12280867993831635],[1.0877996683120728],[-165.54169296674468]
[-0.3756299912929535],[0.8671216368675232],[-62.79731944342043],[-0.12281394749879837],[1.0878024101257324],[-165.54181027046087]
[-0.37566402554512024],[0.8671094179153442],[-62.77904580078123],[-0.12281197309494019],[1.0878082513809204],[-165.54829038861894]
[-0.37566107511520386],[0.8671196699142456],[-62.78236354654557],[-0.12281670421361923],[1.0878047943115234],[-165.54373732063547]
[-0.375633180141449],[0.8671069741249084],[-62.799704764893605],[-0.12281233072280884],[1.0877907276153564],[-165.5377609404001]
[-0.37562817335128784],[0.8671088814735413],[-62.80330031979931],[-0.12279357761144638],[1.0878015756607056],[-165.56769347785723]
[-0.3756601810455322],[0.867109477519989],[-62.78655176683418],[-0.12279632687568665],[1.0878074169158936],[-165.56243820917496]
[-0.37564975023269653],[0.867117166519165],[-62.79484378045867],[-0.12281593680381775],[1.0878058671951294],[-165.54771072332835]
[-0.3756614923477173],[0.8671040534973145],[-62.78186923194185],[-0.12280265986919403],[1.087799072265625],[-165.54313477528683]
[-0.37562742829322815],[0.8671101927757263],[-62.79703739476247],[-0.12278791517019272],[1.0878044366836548],[-165.56061458527864]
[-0.3756416440010071],[0.8671283721923828],[-62.78460225966923],[-0.12276387959718704],[1.087805151939392],[-165.5821373207423]
[-0.3756257891654968],[0.867115318775177],[-62.79733442843443],[-0.1227831095457077],[1.0878006219863892],[-165.56451667264218]
[-0.3756554126739502],[0.8671236038208008],[-62.78311849170041],[-0.12280580401420593],[1.0878256559371948],[-165.56059921606231]
[-0.3756277859210968],[0.8671164512634277],[-62.79468441068542],[-0.12279633432626724],[1.0878255367279053],[-165.56097877613973]
[-0.37565603852272034],[0.8671101331710815],[-62.780252666735294],[-0.1231052502989769],[1.0880175828933716],[-165.36976007707128]
[-0.3756495416164398],[0.8671265244483948],[-62.78470338407831],[-0.12311907112598419],[1.0880348682403564],[-165.37405962997985]
[-0.37563538551330566],[0.8671190142631531],[-62.79980708165238],[-0.1220448911190033],[1.0884466171264648],[-166.34445882970118]
[-0.37563279271125793],[0.8671148419380188],[-62.79951532219989],[-0.12027570605278015],[1.088748812675476],[-166.39785092714553]
[-0.37565329670906067],[0.8671112656593323],[-62.791809490812525],[-0.11504814028739929],[1.0887519121170044],[-166.53614595933934]
[-0.37564751505851746],[0.8671081066131592],[-62.7987957393933],[-0.10931337624788284],[1.0893808603286743],[-166.00845597049687]
[-0.3756471574306488],[0.8671186566352844],[-62.79110636900355],[-0.10367202013731003],[1.0898865461349487],[-166.1868988977974]
[-0.37566497921943665],[0.8671146035194397],[-62.77618181539542],[-0.09757876396179199],[1.0906682014465332],[-167.0982610210713]
[-0.37565019726753235],[0.8671102523803711],[-62.781797013529754],[-0.09515068680047989],[1.0911405086517334],[-168.25323149085938]
[-0.37563225626945496],[0.8671132326126099],[-62.80079902346101],[-0.0944935753941536],[1.0915237665176392],[-169.28774348052139]
[-0.37565505504608154],[0.8671238422393799],[-62.78900147856914],[-0.09143160283565521],[1.0919930934906006],[-170.34570117775897]
[-0.37565621733665466],[0.8671221733093262],[-62.78684739433849],[-0.08869452029466629],[1.0922969579696655],[-171.23234726476755]
[-0.3756634593009949],[0.8671292066574097],[-62.7787439102983],[-0.08814338594675064],[1.0924832820892334],[-172.08809012103046]
[-0.37562867999076843],[0.8671062588691711],[-62.7990565689826],[-0.08736630529165268],[1.0932154655456543],[-174.12384753931005]
[-0.375649094581604],[0.8671095371246338],[-62.779591070487555],[-0.08574692904949188],[1.0936639308929443],[-176.13404118701285]
[-0.3756289482116699],[0.8671149015426636],[-62.79934315420684],[-0.0816640555858612],[1.0935114622116089],[-176.13806415181656]
[-0.37563326954841614],[0.867120623588562],[-62.800005058614666],[-0.0778043270111084],[1.0931476354599],[-175.48468535016607]
[-0.3756353557109833],[0.8671194911003113],[-62.798224111870006],[-0.07362078130245209],[1.0928014516830444],[-173.8030472210906]
[-0.3756391108036041],[0.8671144843101501],[-62.79588845945083],[-0.06892789900302887],[1.0929495096206665],[-172.73919261278317]
[-0.3756607472896576],[0.8671057820320129],[-62.7833682356636],[-0.06254170089960098],[1.0942726135253906],[-171.10697101169515]
[-0.3756377696990967],[0.8671069145202637],[-62.79718909165543],[-0.05749008059501648],[1.0970516204833984],[-169.62822878161592]
[-0.3756326735019684],[0.8671150207519531],[-62.79501444757223],[-0.05262920260429382],[1.1004528999328613],[-167.55412402568518]
[-0.37566134333610535],[0.8671117424964905],[-62.783492548115184],[-0.0446547195315361],[1.106114387512207],[-165.37091502343776]
[-0.3756546974182129],[0.8671109080314636],[-62.78579310665682],[-0.036667101085186005],[1.1118088960647583],[-165.1271758533239]
[-0.37564617395401],[0.867112398147583],[-62.78004788818321],[-0.03072042018175125],[1.1165872812271118],[-165.43154327539298]
[-0.3756488859653473],[0.8671224117279053],[-62.786358184375864],[-0.020814653486013412],[1.1233233213424683],[-165.96052809920033]
[-0.3756541907787323],[0.8671086430549622],[-62.7841971158855],[-0.011131526902318],[1.1310389041900635],[-165.56369777962882]
[-0.3756600320339203],[0.8671174645423889],[-62.7763565056724],[0.0013201335677877069],[1.1404997110366821],[-164.85530162041007]
[-0.37565240263938904],[0.8671154379844666],[-62.7817632177499],[0.010975505225360394],[1.1482841968536377],[-164.69446431925178]
[-0.37565696239471436],[0.8671125769615173],[-62.77766297848125],[0.01780242659151554],[1.154325246810913],[-164.22827109653272]
[-0.3756594955921173],[0.8671252727508545],[-62.780556299607895],[0.025091037154197693],[1.1616401672363281],[-162.82539253376115]
[-0.3756628930568695],[0.8671009540557861],[-62.78120758592497],[0.02989114075899124],[1.167704701423645],[-160.87188829441308]
[-0.3756643533706665],[0.867112398147583],[-62.782587615342706],[0.03394795209169388],[1.1751348972320557],[-157.7581311845311]
[-0.37566250562667847],[0.8671084642410278],[-62.78006199459091],[0.03552030026912689],[1.1818307638168335],[-154.31499871455213]
[-0.37566086649894714],[0.8671172857284546],[-62.78191889259873],[0.034845445305109024],[1.1893130540847778],[-148.77264391025867]
[-0.37566912174224854],[0.8671172857284546],[-62.774318473892926],[0.03136030584573746],[1.1946063041687012],[-142.7987041592244]
[-0.3756703734397888],[0.8671156764030457],[-62.77904451331599],[0.02417067252099514],[1.1991621255874634],[-136.2182348363683]
[-0.3756681978702545],[0.8671154379844666],[-62.780102840447654],[0.0161126721650362],[1.2017176151275635],[-129.50467882697484]
[-0.3756687045097351],[0.8671171069145203],[-62.77744368621121],[0.00572853721678257],[1.2027959823608398],[-123.07997820545428]
[-0.37566882371902466],[0.8671128749847412],[-62.774499102588706],[-0.0025615179911255836],[1.203795313835144],[-117.70998544510077]
[-0.3756353259086609],[0.8671146631240845],[-62.80070819100264],[-0.01729785092175007],[1.2020610570907593],[-107.004877311716]
[-0.3756481409072876],[0.8671063780784607],[-62.78123553000154],[-0.026806550100445747],[1.200152039527893],[-101.38365404341312]
[-0.3756432831287384],[0.8671010136604309],[-62.803938598757014],[-0.03967662528157234],[1.1963509321212769],[-93.81595285083593]
[-0.3756254017353058],[0.8671156167984009],[-62.798373837081385],[-0.04699015989899635],[1.1924505233764648],[-90.96794789246256]
[-0.3756444752216339],[0.8671137094497681],[-62.78826597909767],[-0.05702689290046692],[1.1797598600387573],[-90.74234707323039]
[-0.37564972043037415],[0.8671122193336487],[-62.780839796029646],[-0.0568985752761364],[1.172581434249878],[-95.5740686484175]
[-0.3756553530693054],[0.8671067953109741],[-62.783710006551665],[-0.05534972995519638],[1.163996934890747],[-102.74074305176536]
[-0.37562936544418335],[0.867107093334198],[-62.799498188149975],[-0.05232851207256317],[1.1519691944122314],[-114.73802107411404]
[-0.3756465017795563],[0.8671116828918457],[-62.782532503098636],[-0.051705580204725266],[1.1403954029083252],[-122.44510130189202]
[-0.3756578862667084],[0.8671038150787354],[-62.78483883037504],[-0.05118221417069435],[1.129469633102417],[-130.46291985359008]
[-0.37566161155700684],[0.8671347498893738],[-62.776785982160916],[-0.051614224910736084],[1.1216893196105957],[-135.44598443617596]
[-0.37566739320755005],[0.8671258091926575],[-62.78682414021488],[-0.05270703509449959],[1.112318754196167],[-141.3418557516377]
[-0.37564095854759216],[0.8671197295188904],[-62.79482931382028],[-0.05368223413825035],[1.1021277904510498],[-146.66886438837946]
[-0.37565577030181885],[0.8671204447746277],[-62.78525956859282],[-0.0550348274409771],[1.0935722589492798],[-152.16587048450137]
[-0.3756324350833893],[0.8671061396598816],[-62.801942740649324],[-0.057305045425891876],[1.0828468799591064],[-158.2145325947254]
[-0.3756316602230072],[0.8671066761016846],[-62.79777299214066],[-0.06052175536751747],[1.0730407238006592],[-164.1017648536981]
[-0.37565600872039795],[0.8671215176582336],[-62.78717344686168],[-0.0628458634018898],[1.0669593811035156],[-167.22017709791487]
[-0.37564072012901306],[0.8671166896820068],[-62.7974081379157],[-0.06483396142721176],[1.0633938312530518],[-169.43356016891752]
[-0.37565043568611145],[0.8671306371688843],[-62.78426535128819],[-0.06154273450374603],[1.0722278356552124],[-161.02281082450045]
[-0.37566888332366943],[0.8671062588691711],[-62.78369387802078],[-0.0561712309718132],[1.0863299369812012],[-149.60054126074007]
[-0.3756668269634247],[0.8671008348464966],[-62.78271080815736],[-0.05461664870381355],[1.0946292877197266],[-143.5456845568791]
[-0.37564215064048767],[0.8671121001243591],[-62.78226093184158],[-0.0557737722992897],[1.107521414756775],[-136.34405473122075]
[-0.3756496012210846],[0.8671231269836426],[-62.78848947268184],[-0.05954611301422119],[1.1176706552505493],[-131.23169178208838]
[-0.3756451904773712],[0.8671136498451233],[-62.78154933182474],[-0.06278640031814575],[1.125080943107605],[-126.95886237620536]
[-0.37565308809280396],[0.867127537727356],[-62.787609458533694],[-0.06767347455024719],[1.133538842201233],[-121.7356304968229]
[-0.37563860416412354],[0.8671190142631531],[-62.80266683866166],[-0.073096863925457],[1.1398383378982544],[-117.36578705515373]
[-0.37564703822135925],[0.8671191930770874],[-62.792755067471056],[-0.07695205509662628],[1.1428078413009644],[-113.990611421588]
[-0.3756536841392517],[0.867118775844574],[-62.78551307129658],[-0.07859759032726288],[1.140900731086731],[-113.67080539484446]
[-0.37565693259239197],[0.8671061992645264],[-62.78172839925207],[-0.07775130867958069],[1.1272683143615723],[-121.54451762925055]
[-0.37565773725509644],[0.8671215772628784],[-62.78535073624756],[-0.07642614841461182],[1.1182488203048706],[-127.20392267701897]
[-0.37563833594322205],[0.8671116232872009],[-62.79410624998817],[-0.07527776807546616],[1.1057636737823486],[-134.97789056587533]
[-0.37564507126808167],[0.8671062588691711],[-62.79827182056547],[-0.07608721405267715],[1.095504879951477],[-140.4621279302913]
[-0.37563470005989075],[0.867107629776001],[-62.79641573420676],[-0.07968100160360336],[1.0831372737884521],[-146.5312776966169]
[-0.3756432831287384],[0.8671019077301025],[-62.79780037792069],[-0.08459653705358505],[1.065111756324768],[-150.95598731965111]
[-0.3756549656391144],[0.8671166896820068],[-62.784565327502335],[-0.08759797364473343],[1.0518879890441895],[-158.30139914624257]
[-0.37563344836235046],[0.8671103119850159],[-62.795760093746594],[-0.09223154932260513],[1.0390733480453491],[-164.81846790773207]
[-0.3756309151649475],[0.8671131730079651],[-62.79576068756273],[-0.09534395486116409],[1.0333153009414673],[-168.72731340820712]
[-0.3756542503833771],[0.8671197891235352],[-62.780689080398474],[-0.09612863510847092],[1.0295923948287964],[-172.68716881680095]
[-0.3756541907787323],[0.8671222925186157],[-62.78554174045135],[-0.09351010620594025],[1.032774567604065],[-171.86586336701973]
[-0.3756503760814667],[0.8670979738235474],[-62.78237409194459],[-0.08605057746171951],[1.042462944984436],[-164.93301312577978]
[-0.37564152479171753],[0.8671203255653381],[-62.78833905269357],[-0.07963839918375015],[1.0521880388259888],[-159.10431563448358]
[-0.37564849853515625],[0.8671135902404785],[-62.78260677172055],[-0.06947271525859833],[1.070184350013733],[-151.7213107729691]
[-0.3756551146507263],[0.8671290278434753],[-62.78081727980629],[-0.06307078152894974],[1.084226131439209],[-147.56791312617275]
[-0.37565702199935913],[0.867114245891571],[-62.77859233171748],[-0.05508601292967796],[1.1039526462554932],[-142.87889490595936]
[-0.3756626546382904],[0.867112398147583],[-62.77856144470633],[-0.04611663147807121],[1.1306973695755005],[-136.49986063192958]
[-0.3756454288959503],[0.8671008944511414],[-62.797383528090386],[-0.04124058037996292],[1.1493726968765259],[-131.6623572405806]
[-0.37567079067230225],[0.8671066164970398],[-62.77443968413954],[-0.03616403788328171],[1.1725997924804688],[-125.34731712831659]
[-0.37566548585891724],[0.8671048879623413],[-62.78029474753922],[-0.03278445824980736],[1.198451280593872],[-119.90154019679188]
[-0.37566202878952026],[0.867112934589386],[-62.78276971747969],[-0.03278445824980736],[1.198451280593872],[-119.90154019679188]
[-0.3756698668003082],[0.8671150207519531],[-62.77325346582501],[-0.03278445824980736],[1.198451280593872],[-119.90154019679188]
[-0.37564799189567566],[0.8671165704727173],[-62.7799116473112],[-0.03278445824980736],[1.198451280593872],[-119.90154019679188]
[-0.37564679980278015],[0.8671131730079651],[-62.782798953696556],[-0.03278445824980736],[1.198451280593872],[-119.90154019679188]
[-0.37565314769744873],[0.8671107888221741],[-62.78126898578947],[-0.03278445824980736],[1.198451280593872],[-119.90154019679188]
[-0.37566015124320984],[0.8671130537986755],[-62.78279886170311],[-0.03278445824980736],[1.198451280593872],[-119.90154019679188]
[-0.3756389021873474],[0.8671161532402039],[-62.7976712495117],[-0.03278445824980736],[1.198451280593872],[-119.90154019679188]
[-0.37566205859184265],[0.8671074509620667],[-62.77965515085064],[-0.034295227378606796],[1.2112621068954468],[-117.05607785906714]
[-0.3756556510925293],[0.8671045303344727],[-62.78406718575229],[-0.037752605974674225],[1.1886613368988037],[-121.72556067261644]
[-0.3756471872329712],[0.8671220541000366],[-62.78563459625682],[-0.0485234372317791],[1.1479973793029785],[-130.3787140689925]
[-0.37565702199935913],[0.8671110272407532],[-62.78460176276958],[-0.05841774120926857],[1.1206209659576416],[-136.1749186409243]
[-0.3756367564201355],[0.8671156764030457],[-62.79656755626022],[-0.07066436856985092],[1.0923844575881958],[-142.91949535768023]
[-0.3756440579891205],[0.8671002388000488],[-62.7958625940718],[-0.08274250477552414],[1.069940447807312],[-148.64404755262188]
[-0.37567466497421265],[0.86713045835495],[-62.7854556130142],[-0.12372172623872757],[1.011631965637207],[-166.40330826793547]
[-0.3756694495677948],[0.8671260476112366],[-62.78357616267028],[-0.13920629024505615],[0.9947932362556458],[-172.8507721778304]
[-0.3756735324859619],[0.8671178817749023],[-62.77834107183118],[-0.15080685913562775],[0.9835147857666016],[-177.45615192882238]
[-0.3756624162197113],[0.8671104907989502],[-62.78059504847909],[-0.15729668736457825],[0.9783726930618286],[-179.63298057352713]
[-0.3756433129310608],[0.8671059012413025],[-62.79748015452362],[-0.15718984603881836],[0.9786518812179565],[-179.6489452425954]
[-0.37565091252326965],[0.8671074509620667],[-62.77883842712497],[-0.15289930999279022],[0.9826111793518066],[-177.46640112047837]
[-0.37565112113952637],[0.8671090602874756],[-62.77944703302958],[-0.14461180567741394],[0.9902610182762146],[-171.42443566655984]
[-0.37565189599990845],[0.8671284317970276],[-62.78690148681163],[-0.13510000705718994],[0.9986565113067627],[-167.73029260137136]
[-0.3756465017795563],[0.8671265840530396],[-62.78601022045032],[-0.12513214349746704],[1.009477138519287],[-166.1949118577619]
[-0.3756537139415741],[0.8671262264251709],[-62.782034506749916],[-0.1120426133275032],[1.0226995944976807],[-163.05209853533853]
[-0.37561655044555664],[0.8671104907989502],[-62.79688412680082],[-0.095831960439682],[1.0413696765899658],[-158.71430926731435]
[-0.3756171464920044],[0.8671099543571472],[-62.798043101254876],[-0.08082404732704163],[1.0608457326889038],[-155.2545639574507]
[-0.3756433129310608],[0.867114245891571],[-62.7819838320548],[-0.06926104426383972],[1.0783190727233887],[-152.61052537310013]
[-0.37564727663993835],[0.867129385471344],[-62.78577403287902],[-0.05899989604949951],[1.0971096754074097],[-148.45585945927843]
[-0.375640332698822],[0.8671174645423889],[-62.79218861723597],[-0.05001696199178696],[1.1168400049209595],[-144.06735358891464]
[-0.3756510317325592],[0.8671098947525024],[-62.779989491029895],[-0.04155206307768822],[1.1404739618301392],[-138.49337566266345]
[-0.3756639063358307],[0.8671087026596069],[-62.77594131706893],[-0.03613705188035965],[1.1636736392974854],[-133.6090799372482]
[-0.37564536929130554],[0.8671060800552368],[-62.78042830344343],[-0.03386018052697182],[1.1783944368362427],[-130.3335137335475]
[-0.3756524920463562],[0.8671073913574219],[-62.7797831539481],[-0.032757896929979324],[1.1926952600479126],[-127.56199668473546]
[-0.37565574049949646],[0.8671138286590576],[-62.78237491345813],[-0.03291337564587593],[1.209463357925415],[-124.30975437311771]
[-0.3756641745567322],[0.8671131730079651],[-62.78037515494869],[-0.034064821898937225],[1.2246488332748413],[-121.43394481695493]
[-0.3756692707538605],[0.867112934589386],[-62.78287125715658],[-0.034064821898937225],[1.2246488332748413],[-121.43394481695493]
[-0.3756646513938904],[0.8671249151229858],[-62.787421029958786],[-0.034064821898937225],[1.2246488332748413],[-121.43394481695493]
[-0.37567904591560364],[0.8671107888221741],[-62.77916969397077],[-0.034064821898937225],[1.2246488332748413],[-121.43394481695493]
[-0.3756665289402008],[0.8671053051948547],[-62.78083001583973],[-0.034064821898937225],[1.2246488332748413],[-121.43394481695493]
[-0.37565892934799194],[0.8671042323112488],[-62.782183547953615],[-0.034064821898937225],[1.2246488332748413],[-121.43394481695493]
[-0.37562185525894165],[0.8671136498451233],[-62.79902093067627],[-0.034064821898937225],[1.2246488332748413],[-121.43394481695493]
[-0.37564635276794434],[0.8671151995658875],[-62.77445332857991],[-0.048309165984392166],[1.2281136512756348],[-120.36842406588404]
[-0.3756522834300995],[0.8671149611473083],[-62.778770892869545],[-0.05067934840917587],[1.2115545272827148],[-123.66387877673485]
[-0.3756634294986725],[0.8671135902404785],[-62.781404132139315],[-0.05346712842583656],[1.1963354349136353],[-126.81910216190488]
[-0.3756706118583679],[0.8671118021011353],[-62.78023033141905],[-0.057699054479599],[1.1755415201187134],[-131.2713268846923]
[-0.37564629316329956],[0.8671110272407532],[-62.7979663479545],[-0.06393563747406006],[1.1535955667495728],[-135.67957182846453]
[-0.37566059827804565],[0.867110550403595],[-62.79305312965255],[-0.071620874106884],[1.1305344104766846],[-140.8815201067075]
[-0.3756364583969116],[0.8671132922172546],[-62.799795967492116],[-0.08098409324884415],[1.1070746183395386],[-146.60779262128577]
[-0.37563952803611755],[0.8671184182167053],[-62.79630683439053],[-0.09163384139537811],[1.0838265419006348],[-152.89975207166793]
[-0.37565237283706665],[0.8671242594718933],[-62.785201725329266],[-0.10854309797286987],[1.0534989833831787],[-161.9598424859308]
[-0.37567052245140076],[0.8671250343322754],[-62.7837998632529],[-0.11778216063976288],[1.0382846593856812],[-168.3378028665656]
[-0.37567347288131714],[0.8671213984489441],[-62.782897022581196],[-0.1284630000591278],[1.023436427116394],[-175.28107836576658]
[-0.37565264105796814],[0.8671121597290039],[-62.80160195982864],[-0.1355372965335846],[1.013665795326233],[-179.96215459318304]
[-0.37565094232559204],[0.8671124577522278],[-62.799101340835485],[-0.13815359771251678],[1.01008141040802],[178.3529223802101]
[-0.3756352961063385],[0.867112398147583],[-62.796207387102704],[-0.13624700903892517],[1.0118343830108643],[179.8581854385305]
[-0.3756581246852875],[0.8671088218688965],[-62.78026685508317],[-0.12849180400371552],[1.020085096359253],[-172.85730843431713]
[-0.37564995884895325],[0.867119550704956],[-62.7839529595824],[-0.1196107342839241],[1.030776023864746],[-165.98286781016367]
[-0.3756590783596039],[0.8671151399612427],[-62.78254624766982],[-0.10988162457942963],[1.0434489250183105],[-161.4097397303208]
[-0.37564343214035034],[0.867132842540741],[-62.788350695969115],[-0.10206764936447144],[1.054601788520813],[-159.45134600641563]
[-0.37566331028938293],[0.867112398147583],[-62.78423459526085],[-0.09207478165626526],[1.0707839727401733],[-157.95932658711178]
[-0.3756673336029053],[0.8671090006828308],[-62.78256554132148],[-0.07349774986505508],[1.1073077917099],[-151.63472539158312]
[-0.375644713640213],[0.8671131134033203],[-62.79872282143687],[-0.06416979432106018],[1.130402684211731],[-147.0572961880056]
[-0.3756517469882965],[0.8671115040779114],[-62.77865981734667],[-0.053748514503240585],[1.163825273513794],[-140.85114805280935]
[-0.37565839290618896],[0.8671131730079651],[-62.77922656343924],[-0.04920468106865883],[1.187523603439331],[-136.65230111995325]
[-0.3756592869758606],[0.8671134114265442],[-62.78043901490911],[-0.046820931136608124],[1.2109103202819824],[-132.44064226401485]
[-0.3756505250930786],[0.8671080470085144],[-62.7828374484098],[-0.047361403703689575],[1.2420705556869507],[-126.16354842047554]
[-0.3756652772426605],[0.8671138882637024],[-62.77059295267228],[-0.04917638376355171],[1.2586886882781982],[-122.90414592291137]
[-0.3756673336029053],[0.867108941078186],[-62.77580582243661],[-0.05323408171534538],[1.2767250537872314],[-119.24400265344352]
[-0.37566816806793213],[0.8671095371246338],[-62.781135794554004],[-0.054185446351766586],[1.280003547668457],[-118.56193860406233]
[-0.3756628930568695],[0.8671266436576843],[-62.785507846148185],[-0.054185446351766586],[1.280003547668457],[-118.56193860406233]
[-0.37565574049949646],[0.8671238422393799],[-62.78890189946952],[-0.054185446351766586],[1.280003547668457],[-118.56193860406233]
[-0.3756493926048279],[0.8671126961708069],[-62.783691638924445],[-0.054185446351766586],[1.280003547668457],[-118.56193860406233]
[-0.37565135955810547],[0.867112398147583],[-62.78170531947529],[-0.054185446351766586],[1.280003547668457],[-118.56193860406233]
[-0.3756294846534729],[0.8671107292175293],[-62.799707062550745],[-0.054185446351766586],[1.280003547668457],[-118.56193860406233]
[-0.3756658434867859],[0.8671063780784607],[-62.782570604794095],[-0.054185446351766586],[1.280003547668457],[-118.56193860406233]
[-0.3756629228591919],[0.8671104907989502],[-62.78149188985563],[-0.054185446351766586],[1.280003547668457],[-118.56193860406233]
[-0.3756680488586426],[0.8671252727508545],[-62.77418518717234],[-0.07456070184707642],[1.2303470373153687],[-122.77422262962853]
[-0.3756501376628876],[0.867114245891571],[-62.781877438371964],[-0.0766206681728363],[1.2019493579864502],[-127.88607401383193]
[-0.3756272494792938],[0.8671113848686218],[-62.79942927939813],[-0.08058470487594604],[1.1785695552825928],[-132.42206266164462]
[-0.37564972043037415],[0.8671097755432129],[-62.78588489848293],[-0.08795908093452454],[1.1492687463760376],[-137.85407855271737]
[-0.37563201785087585],[0.8671116828918457],[-62.79971965282771],[-0.09795282781124115],[1.1201066970825195],[-143.2943223536136]
[-0.37563657760620117],[0.8671128153800964],[-62.801012184126364],[-0.10823120921850204],[1.097074270248413],[-147.90265666514688]
[-0.37563326954841614],[0.8671172261238098],[-62.79963248835563],[-0.12252596765756607],[1.070237159729004],[-154.07352944853443]
[-0.37566110491752625],[0.8671154975891113],[-62.77923473938231],[-0.14098410308361053],[1.0418870449066162],[-159.79175132756865]
[-0.3756505846977234],[0.8671286702156067],[-62.7837525998302],[-0.15676350891590118],[1.0219931602478027],[-164.27652186530165]
[-0.3756316304206848],[0.8671094179153442],[-62.79475439356482],[-0.17529407143592834],[1.000780701637268],[-170.1386372137552]
[-0.37563666701316833],[0.8671005368232727],[-62.79996555861667],[-0.18441887199878693],[0.9914317727088928],[-173.55093215826273]
[-0.37563517689704895],[0.8671030402183533],[-62.79625697388438],[-0.19002021849155426],[0.9874898195266724],[-174.90649305094266]
[-0.37566399574279785],[0.8671229481697083],[-62.78418538822289],[-0.1874479353427887],[0.9912334084510803],[-172.17044822166793]
[-0.37566858530044556],[0.8671296834945679],[-62.78407730472649],[-0.17964664101600647],[1.000829815864563],[-167.72390659911179]
[-0.37562763690948486],[0.8671194314956665],[-62.79618723318954],[-0.16415157914161682],[1.0218242406845093],[-162.33983928139563]
[-0.37563231587409973],[0.8671106100082397],[-62.796369184276],[-0.14187537133693695],[1.0574257373809814],[-157.0382222482933]
[-0.3756386935710907],[0.8671126365661621],[-62.79870476556748],[-0.12931495904922485],[1.0829068422317505],[-152.0887496743245]
[-0.3756473958492279],[0.8671144247055054],[-62.791913503527816],[-0.11848365515470505],[1.1111807823181152],[-146.24889712898397]
[-0.375667005777359],[0.8671138882637024],[-62.77542553090871],[-0.1102692037820816],[1.14125657081604],[-140.61596235082254]
[-0.37566298246383667],[0.8671172261238098],[-62.780988483899655],[-0.10679250955581665],[1.1655499935150146],[-135.63620343056436]
[-0.37565505504608154],[0.8671159148216248],[-62.77764215113678],[-0.1064455509185791],[1.195127248764038],[-128.15705150180884]
[-0.3756570518016815],[0.8671179413795471],[-62.7827474811401],[-0.11056452989578247],[1.2218811511993408],[-121.29821554486233]
[-0.3756343126296997],[0.8671128153800964],[-62.800192457546586],[-0.11631197482347488],[1.2398611307144165],[-116.62945656168228]
[-0.37564629316329956],[0.8671091198921204],[-62.78239802049875],[-0.11631197482347488],[1.2398611307144165],[-116.62945656168228]
[-0.37565451860427856],[0.8671143651008606],[-62.78283357672673],[-0.11631197482347488],[1.2398611307144165],[-116.62945656168228]
[-0.3756566643714905],[0.8671137690544128],[-62.7825626731263],[-0.11631197482347488],[1.2398611307144165],[-116.62945656168228]
[-0.375638872385025],[0.8671138882637024],[-62.80246696289484],[-0.11631197482347488],[1.2398611307144165],[-116.62945656168228]
[-0.37566033005714417],[0.8671126365661621],[-62.782114056377914],[-0.11631197482347488],[1.2398611307144165],[-116.62945656168228]
[-0.3756585717201233],[0.8671091794967651],[-62.77817341874614],[-0.11631197482347488],[1.2398611307144165],[-116.62945656168228]
[-0.37565308809280396],[0.8671096563339233],[-62.77780255519669],[-0.11631197482347488],[1.2398611307144165],[-116.62945656168228]
[-0.37563592195510864],[0.8671167492866516],[-62.79292675330465],[-0.11631197482347488],[1.2398611307144165],[-116.62945656168228]
[-0.3756559491157532],[0.8671063780784607],[-62.78151050014452],[-0.11631197482347488],[1.2398611307144165],[-116.62945656168228]
[-0.37565720081329346],[0.8671071529388428],[-62.78198123079743],[-0.2820628881454468],[1.2537612915039062],[-83.93166390586438]
[-0.375663697719574],[0.8671138286590576],[-62.78134142592726],[-0.29609066247940063],[1.2453029155731201],[-82.83178732947584]
[-0.3756633400917053],[0.8671186566352844],[-62.78160604531514],[-0.3140854835510254],[1.2355016469955444],[-81.42664935224609]
[-0.37565746903419495],[0.8671241402626038],[-62.783604309073645],[-0.32697349786758423],[1.2279952764511108],[-80.59655833906848]
[-0.37566301226615906],[0.8671090006828308],[-62.78207826270027],[-0.3435728847980499],[1.218275547027588],[-79.82394048618653]
[-0.37565135955810547],[0.86709064245224],[-62.792315424223354],[-0.3560555577278137],[1.2116334438323975],[-77.59934185371004]
[-0.3757365345954895],[0.8668299317359924],[-62.74428045354717],[-0.3692721128463745],[1.2032614946365356],[-76.13105787629951]
[-0.3756546378135681],[0.8668513298034668],[-62.828546584388704],[-0.37761491537094116],[1.195992112159729],[-75.89755119910178]
[-0.3756216764450073],[0.8668653964996338],[-62.85608833462379],[-0.38517868518829346],[1.1862984895706177],[-76.157150652119]
[-0.3756479322910309],[0.8668681383132935],[-62.82715118828988],[-0.3899150788784027],[1.1766716241836548],[-77.20289310263868]
[-0.37564942240715027],[0.8668810725212097],[-62.83352718168692],[-0.39209190011024475],[1.1637357473373413],[-80.22093976670301]
[-0.3756183683872223],[0.8668779134750366],[-62.846822035120816],[-0.39103612303733826],[1.1544418334960938],[-83.22730348525376]
[-0.3756270110607147],[0.8668776750564575],[-62.85109995231568],[-0.38554614782333374],[1.1364299058914185],[-90.63912216482056]
[-0.3756392002105713],[0.8668608665466309],[-62.82992047090467],[-0.37982311844825745],[1.125872254371643],[-95.59589352686821]
[-0.3756212890148163],[0.8668666481971741],[-62.853440212043026],[-0.36931806802749634],[1.1095415353775024],[-102.13705143208463]
[-0.3756088614463806],[0.866879403591156],[-62.85237360260535],[-0.3591112196445465],[1.0963194370269775],[-107.28180736269634]
[-0.3756089210510254],[0.8668773770332336],[-62.849560991579025],[-0.3478204607963562],[1.0832583904266357],[-112.07646758897275]
[-0.3756163716316223],[0.8668783903121948],[-62.84859207725799],[-0.3372723162174225],[1.073926568031311],[-117.3916610640662]
[-0.3756205141544342],[0.8668767213821411],[-62.84791440486496],[-0.3248177170753479],[1.0614041090011597],[-122.32220280147506]
[-0.3756565749645233],[0.8668210506439209],[-62.826768979991954],[-0.3118968605995178],[1.050484299659729],[-127.60349533101046]
[-0.37566712498664856],[0.8671097755432129],[-62.77764418942238],[-0.2846984565258026],[1.032834768295288],[-135.91122009803323]
[-0.3756400942802429],[0.8671116232872009],[-62.79947522475474],[-0.2693483531475067],[1.0268566608428955],[-140.05823004620586]
[-0.375661700963974],[0.8671112060546875],[-62.782284800248206],[-0.22442281246185303],[1.0210670232772827],[-147.69270993459898]
[-0.37565943598747253],[0.8671160936355591],[-62.78137311514089],[-0.20638234913349152],[1.0218398571014404],[-150.98681372752117]
[-0.3756377100944519],[0.8671111464500427],[-62.79823695569613],[-0.16398443281650543],[1.0311306715011597],[-152.02896107847107]
[-0.37564167380332947],[0.8671150207519531],[-62.79598083695521],[-0.14990995824337006],[1.0370774269104004],[-151.52986058364604]
[-0.3756612241268158],[0.8671066761016846],[-62.77886719475564],[-0.13209202885627747],[1.0467592477798462],[-151.02725625717972]
[-0.37564682960510254],[0.8671191930770874],[-62.78857914859991],[-0.11157039552927017],[1.0611889362335205],[-148.82449759511383]
[-0.37563666701316833],[0.8671104907989502],[-62.797265467731734],[-0.08077719807624817],[1.0887657403945923],[-145.1819033299981]
[-0.3756301701068878],[0.867114782333374],[-62.794040667847206],[-0.06567364931106567],[1.1057722568511963],[-142.40113544926325]
[-0.37562844157218933],[0.8671091794967651],[-62.80041907242982],[-0.05540654808282852],[1.119290828704834],[-139.6586485254107]
[-0.3756553828716278],[0.8671071529388428],[-62.77867449077779],[-0.04806075617671013],[1.1317636966705322],[-137.6470515973707]
[-0.3756265342235565],[0.8671156764030457],[-62.792167536220774],[-0.04436364397406578],[1.1433954238891602],[-136.2903985278859]
[-0.3756502568721771],[0.8671244978904724],[-62.78346993263039],[-0.04299832135438919],[1.1530107259750366],[-135.10286291681882]
[-0.37566572427749634],[0.86710524559021],[-62.77835042140799],[-0.04425893351435661],[1.1661458015441895],[-133.0522945347768]
[-0.37563174962997437],[0.8671129941940308],[-62.79539720711437],[-0.048045601695775986],[1.1794390678405762],[-130.02886765482168]
[-0.37566661834716797],[0.8671092987060547],[-62.782251526104886],[-0.054847169667482376],[1.1915251016616821],[-127.09441236951064]
[-0.37565693259239197],[0.867114782333374],[-62.77900476202257],[-0.06216801702976227],[1.199611783027649],[-125.3144033394495]
[-0.37565064430236816],[0.8671244978904724],[-62.78519337761741],[-0.08473646640777588],[1.2141695022583008],[-122.43013300786704]
[-0.3756564259529114],[0.8671143054962158],[-62.78225721353447],[-0.1005740687251091],[1.2194150686264038],[-120.42124355844913]
[-0.37566083669662476],[0.8671150803565979],[-62.777839024638084],[-0.11462618410587311],[1.221388816833496],[-119.27465162909228]
[-0.3756348490715027],[0.8671112060546875],[-62.798695552520826],[-0.13276991248130798],[1.2209745645523071],[-118.72315668498445]
[-0.3756324350833893],[0.8671083450317383],[-62.798494479730465],[-0.15891973674297333],[1.2135353088378906],[-119.02452298108992]
[-0.37565791606903076],[0.867109477519989],[-62.78199611271782],[-0.17759810388088226],[1.2035895586013794],[-120.06549892959023]
[-0.3756563663482666],[0.8671119213104248],[-62.78293503829442],[-0.1946045458316803],[1.1905981302261353],[-121.79024580423163]
[-0.3756616711616516],[0.8671102523803711],[-62.77878669249705],[-0.20718736946582794],[1.178105354309082],[-123.37389424518994]
[-0.3756639361381531],[0.8671058416366577],[-62.781363913296474],[-0.21892094612121582],[1.163891077041626],[-125.07076783844275]
[-0.37565627694129944],[0.8671099543571472],[-62.780881726443496],[-0.23230856657028198],[1.1435743570327759],[-128.41673227840792]
[-0.3756583333015442],[0.8671077489852905],[-62.784019604796114],[-0.24330540001392365],[1.121882677078247],[-131.697271351014]
[-0.37563806772232056],[0.8671084046363831],[-62.801743841793844],[-0.25169432163238525],[1.09883451461792],[-135.91731712273096]
[-0.375631719827652],[0.8671146035194397],[-62.79921650228177],[-0.256869375705719],[1.0762852430343628],[-140.8904319392974]
[-0.375663697719574],[0.8671075105667114],[-62.779163930874425],[-0.2574459910392761],[1.0555739402770996],[-145.19689077487664]
[-0.3756643235683441],[0.8671102523803711],[-62.780283793778395],[-0.25477859377861023],[1.0404243469238281],[-148.2461352989808]
[-0.3756648600101471],[0.8671046495437622],[-62.78341476799209],[-0.24753263592720032],[1.0241857767105103],[-150.7253368565608]
[-0.3756788671016693],[0.8671109080314636],[-62.781968101024766],[-0.23017579317092896],[1.006445050239563],[-153.66812494509927]
[-0.3756621479988098],[0.8671026229858398],[-62.78205012252778],[-0.21493764221668243],[0.9980651140213013],[-155.08483729211596]
[-0.3756493926048279],[0.8670841455459595],[-62.795171410284816],[-0.19726504385471344],[0.9935002326965332],[-155.76289250902002]
[-0.3756227493286133],[0.8670007586479187],[-62.820900309031046],[-0.1824440062046051],[0.9921980500221252],[-156.55547042446585]
[-0.3756444454193115],[0.8670234084129333],[-62.80479629211791],[-0.16351231932640076],[0.9935867786407471],[-157.28660193979965]
[-0.3756444752216339],[0.8671160340309143],[-62.796470915872575],[-0.14831797778606415],[0.9973284602165222],[-157.44328688022696]
[-0.37566518783569336],[0.8671333193778992],[-62.78765714005134],[-0.12909379601478577],[1.005560278892517],[-156.99140908344023]
[-0.37566858530044556],[0.8671147227287292],[-62.781949473316864],[-0.10954111814498901],[1.016938328742981],[-155.4699867484937]
[-0.3756552040576935],[0.8671080470085144],[-62.781233225523394],[-0.09456028044223785],[1.0278271436691284],[-153.43117058169238]
[-0.3756631314754486],[0.8671045303344727],[-62.781482374011965],[-0.07678525894880295],[1.0425183773040771],[-151.2162093406639]
[-0.37565019726753235],[0.8671059012413025],[-62.781763432531825],[-0.055011630058288574],[1.0653631687164307],[-148.41365817986483]
[-0.37564024329185486],[0.8671154975891113],[-62.79872815654359],[-0.03771801292896271],[1.090286135673523],[-144.45396097094752]
[-0.37563857436180115],[0.8671179413795471],[-62.79710138226052],[-0.02454974502325058],[1.1220312118530273],[-138.61911993515625]
[-0.37563446164131165],[0.8671161532402039],[-62.7995072957734],[-0.022626392543315887],[1.1390647888183594],[-136.01735396180212]
[-0.3756425082683563],[0.8671102523803711],[-62.780743101329826],[-0.02350027486681938],[1.152779221534729],[-133.15162176781442]
[-0.3756507635116577],[0.8671100735664368],[-62.78302217803878],[-0.02778765931725502],[1.1691097021102905],[-128.97268055915086]
[-0.3756456971168518],[0.8671095371246338],[-62.78242690475052],[-0.03579683229327202],[1.1838486194610596],[-126.41270309818093]
[-0.375652551651001],[0.8671100735664368],[-62.78129710751573],[-0.048093460500240326],[1.197288990020752],[-123.4371268869885]
[-0.3756597936153412],[0.8671201467514038],[-62.78147251401895],[-0.06397513300180435],[1.2088578939437866],[-120.43273197430499]
[-0.3756711483001709],[0.8671138286590576],[-62.780608873589074],[-0.07881536334753036],[1.2160370349884033],[-119.0173430550321]
[-0.37566426396369934],[0.8671170473098755],[-62.781226046923905],[-0.09832271933555603],[1.2230654954910278],[-116.76758663630653]
[-0.37567073106765747],[0.8671160936355591],[-62.778232230549335],[-0.1230241134762764],[1.2258535623550415],[-116.17969031355801]
[-0.3756631910800934],[0.8671093583106995],[-62.78221140212252],[-0.14241823554039001],[1.2245616912841797],[-116.67132437219537]
[-0.37564849853515625],[0.867109477519989],[-62.77941012511649],[-0.1564292311668396],[1.221606731414795],[-117.44365452800278]
[-0.37564510107040405],[0.8671082854270935],[-62.781905516699744],[-0.17165490984916687],[1.216795802116394],[-118.82159860689087]
[-0.3756512403488159],[0.8671131730079651],[-62.77593145700975],[-0.18196271359920502],[1.2125357389450073],[-119.81857778283333]
[-0.3756515085697174],[0.8671225309371948],[-62.78932961738377],[-0.19495949149131775],[1.2062429189682007],[-120.93242782753828]
[-0.37565162777900696],[0.8671129941940308],[-62.779622455436],[-0.20359742641448975],[1.2006909847259521],[-122.42688307581906]
[-0.37565290927886963],[0.8671160340309143],[-62.78240872921358],[-0.21128207445144653],[1.1943613290786743],[-124.53995170812378]
[-0.3756312429904938],[0.8671143054962158],[-62.8020920931809],[-0.21546629071235657],[1.1903156042099],[-126.61454445602668]
[-0.37566614151000977],[0.8671103119850159],[-62.7768441689641],[-0.2177809476852417],[1.1882128715515137],[-128.24774247987824]
[-0.37566131353378296],[0.8671151995658875],[-62.774358265522416],[-0.21775022149085999],[1.1885212659835815],[-128.9476922661449]
[-0.3756529688835144],[0.8671096563339233],[-62.78251912259295],[-0.21520335972309113],[1.1892273426055908],[-130.38254741533393]
[-0.37565577030181885],[0.8671116828918457],[-62.780224259077166],[-0.21480557322502136],[1.1885617971420288],[-131.50213164696444]
[-0.37565702199935913],[0.8671095371246338],[-62.77918349162546],[-0.21472817659378052],[1.1882522106170654],[-132.00123424230637]
[-0.3756614029407501],[0.8671184182167053],[-62.78222142397775],[-0.21312037110328674],[1.1873732805252075],[-133.10601822717956]
[-0.37566375732421875],[0.867114245891571],[-62.77916424407595],[-0.21124805510044098],[1.1876264810562134],[-133.64088535073233]
[-0.3756500780582428],[0.8671127557754517],[-62.78184719933647],[-0.21110805869102478],[1.1877022981643677],[-133.37766327434926]
[-0.37565815448760986],[0.8671083450317383],[-62.78252702780752],[-0.21227474510669708],[1.1871470212936401],[-134.4258282874756]
[-0.3756541609764099],[0.8671135902404785],[-62.77675805940154],[-0.21240799129009247],[1.1870222091674805],[-134.26723060046118]
[-0.37565264105796814],[0.867111325263977],[-62.781306748258565],[-0.21249176561832428],[1.1870301961898804],[-134.02874454348864]
[-0.37565937638282776],[0.8671082258224487],[-62.777610465627035],[-0.21252603828907013],[1.187032699584961],[-134.0154043267471]
[-0.37563884258270264],[0.8671095371246338],[-62.79966995591322],[-0.2121271789073944],[1.1870847940444946],[-133.88793198360864]
[-0.37566235661506653],[0.8671115040779114],[-62.780793112593614],[-0.2121698409318924],[1.1870830059051514],[-133.8700163152218]
[-0.37563449144363403],[0.86711585521698],[-62.795348235128],[-0.21217457950115204],[1.1870920658111572],[-133.85495771171324]
[-0.37563496828079224],[0.8671090006828308],[-62.796141640324656],[-0.21216630935668945],[1.1870663166046143],[-133.85083139741923]
[-0.37564054131507874],[0.8671109676361084],[-62.79852155984746],[-0.2121449112892151],[1.1870934963226318],[-133.8295291218509]
[-0.3756375014781952],[0.8671058416366577],[-62.79826647855202],[-0.21214161813259125],[1.1870977878570557],[-133.81716019306955]
[-0.3756376802921295],[0.8671051859855652],[-62.7973775630598],[-0.2122417837381363],[1.1871111392974854],[-133.78982337063962]
[-0.3756312429904938],[0.867101788520813],[-62.798863492646134],[-0.21211029589176178],[1.1870975494384766],[-133.80591152019647]
[-0.37563350796699524],[0.8671008348464966],[-62.80275759072269],[-0.21210645139217377],[1.1871018409729004],[-133.79778130152437]
[-0.3755943179130554],[0.8668117523193359],[-62.863674990432976],[-0.21211378276348114],[1.1871042251586914],[-133.78633870232918]
[-0.3756084740161896],[0.866878092288971],[-62.852746538835646],[-0.21232309937477112],[1.1870367527008057],[-133.81970998739013]
[-0.3755186200141907],[0.8666558265686035],[-62.822766374738045],[-0.21210934221744537],[1.1871029138565063],[-133.77279749989034]
[-0.37315699458122253],[0.862115204334259],[-63.00559019432561],[-0.21211187541484833],[1.1870993375778198],[-133.7705939883725]
[-0.3720324635505676],[0.8602218627929688],[-63.47198861449443],[-0.21199175715446472],[1.186956763267517],[-133.62945229359755]
[-0.3719269931316376],[0.8591877222061157],[-64.9653150527689],[-0.21083632111549377],[1.187079668045044],[-131.9801071724387]
[-0.370109498500824],[0.8553642630577087],[-68.17605568167649],[-0.2107727974653244],[1.1871289014816284],[-132.08442270322152]
[-0.3693842589855194],[0.852972686290741],[-70.29613253245917],[-0.21064558625221252],[1.1877539157867432],[-133.29258305284972]
[-0.3686011731624603],[0.8499836325645447],[-71.88944848273287],[-0.20961660146713257],[1.189929723739624],[-136.50167251916912]
[-0.3681255578994751],[0.8487221002578735],[-72.1129322486567],[-0.2077452689409256],[1.192208170890808],[-139.20297572763553]
[-0.36783507466316223],[0.8482738137245178],[-71.570277396653],[-0.20561765134334564],[1.1943696737289429],[-141.9060459016823]
[-0.3674432039260864],[0.8473005294799805],[-71.13896598578395],[-0.20475582778453827],[1.1959490776062012],[-144.14007209873398]
[-0.3664964735507965],[0.8439983129501343],[-71.22246490732226],[-0.20386362075805664],[1.1969555616378784],[-146.79620992349987]
[-0.3662458062171936],[0.8433366417884827],[-70.88922723865947],[-0.20415736734867096],[1.197080373764038],[-147.5505135133566]
[-0.3654443323612213],[0.8413480520248413],[-70.70300419030438],[-0.20428812503814697],[1.196895718574524],[-147.6886005224581]
[-0.36440765857696533],[0.8389415740966797],[-70.06935333100378],[-0.20388354361057281],[1.1971144676208496],[-147.99360221006418]
[-0.36405155062675476],[0.8388453722000122],[-67.73035270508937],[-0.2030225545167923],[1.1967626810073853],[-148.60579197843208]
[-0.36467453837394714],[0.8409842252731323],[-64.54655867763225],[-0.20297309756278992],[1.1969391107559204],[-148.79394881780925]
[-0.36488065123558044],[0.8415732383728027],[-62.337024525018386],[-0.20338194072246552],[1.196931004524231],[-148.87700217561812]
[-0.3645813465118408],[0.8412993550300598],[-61.77270842086058],[-0.20438750088214874],[1.1975703239440918],[-149.4873597149004]
[-0.3645845949649811],[0.8413016200065613],[-61.72181021267969],[-0.20584692060947418],[1.2001186609268188],[-150.91762957133065]
[-0.36486509442329407],[0.8416381478309631],[-62.30841401564055],[-0.20598356425762177],[1.2035831212997437],[-152.28351631505723]
[-0.36405667662620544],[0.8414847254753113],[-62.50838501479475],[-0.20467598736286163],[1.2076051235198975],[-153.61110987695724]
[-0.36063364148139954],[0.8413146734237671],[-62.03844095252679],[-0.20094150304794312],[1.2088947296142578],[-154.41012682733998]
[-0.35379838943481445],[0.8449481725692749],[-59.025790077624784],[-0.19411201775074005],[1.2100871801376343],[-155.40326602502063]
[-0.3356698751449585],[0.8536670804023743],[-54.534719683123164],[-0.17881958186626434],[1.2157725095748901],[-157.35443575968347]
[-0.32439354062080383],[0.8615221977233887],[-51.20535459645194],[-0.16823017597198486],[1.2202903032302856],[-157.52885962319317]
[-0.3076362609863281],[0.8727728724479675],[-47.08695268264782],[-0.15335537493228912],[1.2277206182479858],[-156.90058541790353]
[-0.2894246578216553],[0.8852829933166504],[-43.61683490134705],[-0.1369735449552536],[1.23605215549469],[-154.88777100273967]
[-0.2713053822517395],[0.9016774892807007],[-39.25630952309424],[-0.12053536623716354],[1.2458155155181885],[-152.29246275927338]
[-0.25403091311454773],[0.9200572371482849],[-33.838437718913816],[-0.10543615370988846],[1.2566372156143188],[-149.23924360913304]
[-0.24223986268043518],[0.9362842440605164],[-29.459946930634416],[-0.09582718461751938],[1.2648921012878418],[-147.76428395617737]
[-0.23092462122440338],[0.9576074481010437],[-24.62398794152423],[-0.08700404316186905],[1.2734616994857788],[-146.509946868427]
[-0.22473448514938354],[0.9752541184425354],[-20.489415869610838],[-0.08110561221837997],[1.2791324853897095],[-144.99491101080667]
[-0.22116640210151672],[0.9959441423416138],[-15.75710595143578],[-0.07476150989532471],[1.2841966152191162],[-142.2290799131031]
[-0.22282914817333221],[1.015688180923462],[-12.496808027113557],[-0.07270518690347672],[1.288089394569397],[-140.4102411231673]
[-0.22927121818065643],[1.033134937286377],[-8.940781897439994],[-0.07604139298200607],[1.2871593236923218],[-140.2872439559889]
[-0.2380875200033188],[1.0451816320419312],[-7.344912583522112],[-0.08152322471141815],[1.2834464311599731],[-141.64589502714827]
[-0.2520626485347748],[1.0572046041488647],[-6.463589421991454],[-0.08995511382818222],[1.2771954536437988],[-143.46050983708926]
[-0.27024659514427185],[1.0665597915649414],[-5.901744801244361],[-0.10015707463026047],[1.2699390649795532],[-144.85544633815834]
[-0.305276095867157],[1.0771055221557617],[-3.9762929505562297],[-0.1193750724196434],[1.2579500675201416],[-146.72827747330845]
[-0.32500165700912476],[1.0795514583587646],[-3.5632944600725094],[-0.1304471343755722],[1.2513114213943481],[-147.81303639600767]
[-0.35151270031929016],[1.0791939496994019],[-4.238429135027383],[-0.14711186289787292],[1.2417596578598022],[-149.829232397312]
[-0.37876033782958984],[1.0748779773712158],[-6.317264959500427],[-0.16513676941394806],[1.2327208518981934],[-152.92129278037035]
[-0.40692585706710815],[1.0676978826522827],[-9.187775853683135],[-0.18302913010120392],[1.223091721534729],[-155.79385638387484]
[-0.43000897765159607],[1.059773325920105],[-11.620098824878761],[-0.1963324248790741],[1.2158489227294922],[-157.54987164021412]
[-0.4652772545814514],[1.0452589988708496],[-16.078797620285698],[-0.21434779465198517],[1.2061023712158203],[-160.32046923431088]
[-0.4930519759654999],[1.0310344696044922],[-20.51775359294497],[-0.22708410024642944],[1.1986992359161377],[-162.8459951076389]
[-0.5243220925331116],[1.0121897459030151],[-24.97535402027369],[-0.2370864897966385],[1.191322684288025],[-164.38950973374506]
[-0.5419049263000488],[0.998490571975708],[-28.491472159963166],[-0.24120497703552246],[1.1884304285049438],[-165.52360462889928]
[-0.5598470568656921],[0.9809069037437439],[-32.529733803001285],[-0.2429744005203247],[1.1868807077407837],[-167.08434099187505]
[-0.5719676613807678],[0.963501513004303],[-37.08572995075706],[-0.23892050981521606],[1.1870436668395996],[-167.55219560339935]
[-0.5782133340835571],[0.9441307783126831],[-40.420588001908236],[-0.22687174379825592],[1.1898150444030762],[-166.1122001554421]
[-0.5764820575714111],[0.9303241968154907],[-41.26226301929782],[-0.21180039644241333],[1.194605827331543],[-163.54686049266502]
[-0.5696597695350647],[0.9173573851585388],[-40.42152728475846],[-0.19351963698863983],[1.2016812562942505],[-161.2326612904696]
[-0.5578384399414062],[0.9048495888710022],[-39.85494064237882],[-0.17394714057445526],[1.2108471393585205],[-158.71987887335072]
[-0.527431309223175],[0.8854894042015076],[-36.92852714968675],[-0.13790027797222137],[1.2320863008499146],[-153.39857948169174]
[-0.505216658115387],[0.8758235573768616],[-36.383040736676065],[-0.11761695146560669],[1.2464288473129272],[-149.01083308259004]
[-0.47970813512802124],[0.8689733147621155],[-35.65907013758357],[-0.09879130125045776],[1.2598708868026733],[-143.0417587863002]
[-0.45094311237335205],[0.8659387826919556],[-34.31436406840545],[-0.08487041294574738],[1.2731131315231323],[-138.9748990329693]
[-0.4187978208065033],[0.8673697710037231],[-32.66453264161772],[-0.07734507322311401],[1.283015251159668],[-136.7860896292428]
[-0.38601869344711304],[0.8744065761566162],[-30.07792178763542],[-0.0740683451294899],[1.2888742685317993],[-136.1175984826033]
[-0.353209525346756],[0.8865366578102112],[-25.99756368447681],[-0.07339905947446823],[1.29201340675354],[-135.2357063303251]
[-0.3162370026111603],[0.9056137800216675],[-20.2279305770942],[-0.07739029824733734],[1.2926150560379028],[-134.98252992355128]
[-0.2836416959762573],[0.9289268851280212],[-15.178273479664526],[-0.08663946390151978],[1.2891616821289062],[-136.5476989132862]
[-0.26042792201042175],[0.9514558911323547],[-11.460427942744763],[-0.09757369756698608],[1.2838771343231201],[-138.40022533530905]
[-0.2417214810848236],[0.9767326712608337],[-7.131337556372841],[-0.11102647334337234],[1.278409481048584],[-140.3866542637833]
[-0.23088698089122772],[0.9984521269798279],[-3.1510293781146426],[-0.12252596020698547],[1.273982286453247],[-141.72825929719275]
[-0.2225673347711563],[1.025909185409546],[2.2532366440461136],[-0.13711567223072052],[1.2677348852157593],[-143.11769779891478]
[-0.22027865052223206],[1.0462357997894287],[6.026163055356782],[-0.14914996922016144],[1.2620699405670166],[-144.00005368024642]
[-0.22516244649887085],[1.0717692375183105],[9.909978771353721],[-0.1673312932252884],[1.2513022422790527],[-146.67607465688047]
[-0.23308388888835907],[1.0850635766983032],[11.713818656937233],[-0.1760985255241394],[1.247280478477478],[-148.5585354985754]
[-0.2461014837026596],[1.0968722105026245],[12.666584120643027],[-0.18510249257087708],[1.2429579496383667],[-148.6326126065203]
[-0.2638687789440155],[1.1038484573364258],[12.85026026239655],[-0.19287648797035217],[1.2396414279937744],[-149.3890396593685]
[-0.2810072898864746],[1.1067129373550415],[12.062280181363597],[-0.19795753061771393],[1.236240029335022],[-150.4205492911012]
[-0.30479761958122253],[1.1063904762268066],[11.12528306462128],[-0.2032446563243866],[1.2328391075134277],[-151.6552623441139]
[-0.325737327337265],[1.1039787530899048],[9.962163327318741],[-0.20555996894836426],[1.2309131622314453],[-152.1113066639455]
[-0.3530897796154022],[1.0975340604782104],[8.22277339540795],[-0.2068035751581192],[1.2288769483566284],[-152.63602239854902]
[-0.3808557987213135],[1.0888893604278564],[4.665893957808952],[-0.20572257041931152],[1.2262749671936035],[-153.19903736141916]
[-0.41006776690483093],[1.0777215957641602],[1.0573461378313591],[-0.20229537785053253],[1.2241089344024658],[-152.8660902259156]
[-0.43890729546546936],[1.0654783248901367],[-2.7978322555873985],[-0.1966068148612976],[1.2227566242218018],[-152.30635910027846]
[-0.4664488434791565],[1.0527909994125366],[-5.899614083667438],[-0.18910399079322815],[1.2218528985977173],[-152.5857512211804]
[-0.49277263879776],[1.0399023294448853],[-8.328052681204666],[-0.1788681447505951],[1.2219294309616089],[-153.0146466355006]
[-0.5208559632301331],[1.022161841392517],[-13.137209815368063],[-0.1624729037284851],[1.2254713773727417],[-153.10949987641638]
[-0.543954074382782],[1.0026962757110596],[-18.402110327902996],[-0.13987953960895538],[1.233066201210022],[-153.01324094746215]
[-0.5596820712089539],[0.9869304895401001],[-21.91369443810194],[-0.1177845224738121],[1.2435497045516968],[-151.4792768530954]
[-0.572238028049469],[0.9681999087333679],[-25.400093214300526],[-0.09015128016471863],[1.260963797569275],[-147.8490370252374]
[-0.5785417556762695],[0.9494597315788269],[-28.94521395437907],[-0.06320144981145859],[1.2813688516616821],[-141.26932539273477]
[-0.578807532787323],[0.9375088214874268],[-30.08029032288427],[-0.050873883068561554],[1.292988896369934],[-139.915439547147]
[-0.574241578578949],[0.9242560267448425],[-29.876446708785096],[-0.040835145860910416],[1.3064595460891724],[-139.6446946675695]
[-0.564897894859314],[0.911989688873291],[-28.749968950975635],[-0.03184030205011368],[1.3186064958572388],[-138.0227444216687]
[-0.5547168850898743],[0.9032046794891357],[-27.967829840487045],[-0.026327798143029213],[1.3273876905441284],[-135.67889817148705]
[-0.5386403799057007],[0.8935929536819458],[-26.903816989711014],[-0.022591466084122658],[1.3360729217529297],[-131.9835547160668]
[-0.518979549407959],[0.8861627578735352],[-25.879828062486382],[-0.02421223372220993],[1.33971107006073],[-130.46890568554934]
[-0.5005914568901062],[0.8819674253463745],[-25.257514272992353],[-0.029038870707154274],[1.3373169898986816],[-131.5339483722196]
[-0.47532567381858826],[0.8806113600730896],[-23.644777760406672],[-0.03815995529294014],[1.3299378156661987],[-133.64804528841412]
[-0.44817793369293213],[0.8840290307998657],[-21.622231702959727],[-0.04956569895148277],[1.3204962015151978],[-135.84151212373538]
[-0.4142378270626068],[0.8961489796638489],[-18.549566937941034],[-0.06693101674318314],[1.3081297874450684],[-139.2366241258784]
[-0.38683292269706726],[0.9122879505157471],[-15.354703143484336],[-0.08249802142381668],[1.296242356300354],[-141.2981166037938]
[-0.3660813271999359],[0.9281332492828369],[-12.887717847976464],[-0.0971810519695282],[1.2852264642715454],[-143.25976013697326]
[-0.32652392983436584],[0.9718219041824341],[-5.630529483068902],[-0.13382655382156372],[1.261051893234253],[-150.22508833434426]
[-0.30493369698524475],[1.0085303783416748],[0.9521405610767152],[-0.1553596407175064],[1.2470991611480713],[-152.96806416667823]
[-0.29707765579223633],[1.0327709913253784],[5.878036801085162],[-0.16700944304466248],[1.239291787147522],[-154.9214820113459]
[-0.29418089985847473],[1.0575741529464722],[9.021617338121127],[-0.17580723762512207],[1.2338926792144775],[-156.88869967069186]
[-0.2973706126213074],[1.0737136602401733],[11.0811648173082],[-0.17732225358486176],[1.2325448989868164],[-157.6007311294647]
[-0.30769336223602295],[1.0873602628707886],[12.711414792638669],[-0.17176292836666107],[1.234622597694397],[-157.0120171800223]
[-0.31962358951568604],[1.0900884866714478],[12.615876237036696],[-0.1622593253850937],[1.2388943433761597],[-155.2041857970813]
[-0.33792150020599365],[1.0855145454406738],[10.368737303761266],[-0.14838360249996185],[1.2466918230056763],[-153.01789661316727]
[-0.360688716173172],[1.0749764442443848],[6.940263526259009],[-0.13249407708644867],[1.256622076034546],[-150.73423841842788]
[-0.382327139377594],[1.061763048171997],[3.684767111504923],[-0.11775559186935425],[1.2665846347808838],[-148.43500489374566]
[-0.4061759114265442],[1.046588659286499],[-0.49022055315428276],[-0.10292886197566986],[1.2779713869094849],[-146.20462433945482]
[-0.42711564898490906],[1.03349769115448],[-3.1622514227602903],[-0.09154504537582397],[1.2878508567810059],[-144.50439396827844]
[-0.46010518074035645],[1.012265682220459],[-7.4990225244305755],[-0.074852854013443],[1.303786039352417],[-141.7112563203291]
[-0.4948907494544983],[0.9904297590255737],[-12.853383683786314],[-0.059302832931280136],[1.321205735206604],[-138.8649572759174]
[-0.5232833027839661],[0.9737825989723206],[-16.729930581658138],[-0.04822402447462082],[1.3356000185012817],[-135.91446183153982]
[-0.5584712624549866],[0.9560018181800842],[-20.479128662295786],[-0.03545153886079788],[1.3537967205047607],[-132.07459403120475]
[-0.5788628458976746],[0.9456667900085449],[-22.929457032674005],[-0.028790008276700974],[1.3635591268539429],[-129.3945673743742]
[-0.5912606716156006],[0.9389776587486267],[-24.84888620990173],[-0.025799082592129707],[1.3687777519226074],[-128.05682635226938]
[-0.6010851263999939],[0.9333803653717041],[-26.496129418456537],[-0.024341829121112823],[1.3715518712997437],[-126.96730478306647]
[-0.6028718948364258],[0.931552529335022],[-27.45930462218422],[-0.02591841109097004],[1.3694257736206055],[-126.87633715721712]
[-0.5991770625114441],[0.9328286051750183],[-27.091137605669147],[-0.028709912672638893],[1.3649134635925293],[-127.1709730116559]
[-0.5881120562553406],[0.9372578859329224],[-25.777265628368983],[-0.03440991789102554],[1.3569915294647217],[-127.57976823797277]
[-0.5616618394851685],[0.9494554400444031],[-22.278748246926238],[-0.047807566821575165],[1.3398065567016602],[-130.01214465183605]
[-0.5362529158592224],[0.9621656537055969],[-18.37371409865406],[-0.06147320941090584],[1.3235713243484497],[-133.16313811435762]
[-0.5082992315292358],[0.9769814610481262],[-13.978091447279715],[-0.07836631685495377],[1.3058927059173584],[-136.97518102839447]
[-0.48409658670425415],[0.9906603097915649],[-11.299738301230724],[-0.09319128841161728],[1.2923096418380737],[-140.29217672876382]
[-0.45390763878822327],[1.0103018283843994],[-7.076444033868484],[-0.11171773821115494],[1.2773151397705078],[-144.31255639748838]
[-0.42433151602745056],[1.0323855876922607],[-2.3146557780258123],[-0.12803271412849426],[1.2653485536575317],[-147.03502370645086]
[-0.4029177129268646],[1.0509693622589111],[1.9785808575102026],[-0.14004874229431152],[1.2570712566375732],[-148.29106824942698]
[-0.37517935037612915],[1.078314185142517],[6.908410556649041],[-0.15580780804157257],[1.2468469142913818],[-151.20243555184308]
[-0.3514821529388428],[1.1062366962432861],[12.827511631027628],[-0.1679254174232483],[1.2401013374328613],[-153.83914706985487]
[-0.3409291207790375],[1.1207005977630615],[16.550470482199955],[-0.1720285415649414],[1.2384377717971802],[-155.61718913154414]
[-0.3347335457801819],[1.1282539367675781],[18.454647675907378],[-0.16987344622612],[1.2407211065292358],[-155.82185233320985]
[-0.3330712616443634],[1.1274336576461792],[18.60083942839942],[-0.16244591772556305],[1.246199607849121],[-154.46170738427455]
[-0.3346608281135559],[1.1210111379623413],[17.23101370297033],[-0.15415892004966736],[1.2518301010131836],[-152.74982922525768]
[-0.34092822670936584],[1.106246829032898],[13.955548171395757],[-0.14088919758796692],[1.2608249187469482],[-150.43453037017935]
[-0.35248807072639465],[1.0860974788665771],[9.727527447174591],[-0.1252754032611847],[1.2727149724960327],[-147.05322196799847]
[-0.36495402455329895],[1.0665233135223389],[5.824274273873142],[-0.11207879334688187],[1.2835407257080078],[-144.2120708296903]
[-0.38427096605300903],[1.0385491847991943],[-0.2673462181239927],[-0.09560418128967285],[1.2982085943222046],[-141.15894614075444]
[-0.4098653197288513],[1.009076476097107],[-6.564415524072123],[-0.08023548126220703],[1.314191460609436],[-138.46395643258992]
[-0.4401749074459076],[0.9797980785369873],[-12.856582335725879],[-0.06633816659450531],[1.3314495086669922],[-135.88373059491602]
[-0.4737667143344879],[0.9528069496154785],[-19.29135856231175],[-0.05266439542174339],[1.3500335216522217],[-132.07950844451184]
[-0.5411866307258606],[0.9126992225646973],[-30.721653321689654],[-0.0333377905189991],[1.3828868865966797],[-124.65831451003979]
[-0.5711700916290283],[0.8992790579795837],[-35.23287901135283],[-0.02694619819521904],[1.3958489894866943],[-121.13289679542896]
[-0.6063449382781982],[0.8870512843132019],[-39.43326937246277],[-0.021474307402968407],[1.4087263345718384],[-117.71478367372696]
[-0.6508525013923645],[0.8764321804046631],[-42.36765799002409],[-0.018708297982811928],[1.418821930885315],[-115.42014104219784]
[-0.6702975630760193],[0.8718292713165283],[-45.16038183137513],[-0.01917831413447857],[1.4194740056991577],[-115.33865381458651]
[-0.6811849474906921],[0.8702673316001892],[-46.84488901100712],[-0.020657936111092567],[1.415895938873291],[-115.97529859493066]
[-0.6828927397727966],[0.871616542339325],[-46.441086624013934],[-0.0233305636793375],[1.4097654819488525],[-117.94845329161417]
[-0.6793031692504883],[0.8751505017280579],[-44.778736413542276],[-0.027090737596154213],[1.4013220071792603],[-120.91946152545297]
[-0.666265606880188],[0.8832924962043762],[-40.7334946575701],[-0.034476350992918015],[1.386462926864624],[-125.53845290266929]
[-0.6498671770095825],[0.8914034366607666],[-36.98758817366877],[-0.04304903745651245],[1.3733657598495483],[-130.75056603469105]
[-0.6338859796524048],[0.8990777730941772],[-33.01373109990501],[-0.05126027390360832],[1.3630553483963013],[-135.85511971770353]
[-0.612257719039917],[0.9108669757843018],[-26.72188072497363],[-0.06249279901385307],[1.3506423234939575],[-142.31913780386097]
[-0.5905570387840271],[0.9237546920776367],[-19.104206002443863],[-0.07570382952690125],[1.3401836156845093],[-149.7057076746094]
[-0.5699755549430847],[0.9363718032836914],[-12.468904344516144],[-0.08805420249700546],[1.3334095478057861],[-156.040750106646]
[-0.5518134832382202],[0.9483593106269836],[-5.643834160633531],[-0.09629039466381073],[1.3294304609298706],[-159.96912776370914]
[-0.5388043522834778],[0.9560063481330872],[-2.223634645657185],[-0.09988564252853394],[1.3271479606628418],[-160.87165013300046]
[-0.5238670706748962],[0.9620134234428406],[-0.276999279846741],[-0.1009245216846466],[1.325523853302002],[-160.52250684299418]
[-0.5105136632919312],[0.9626243710517883],[-1.4651044981229415],[-0.10078760236501694],[1.3248941898345947],[-159.2857495483605]
[-0.4945237338542938],[0.951356828212738],[-12.698642732382318],[-0.09975143522024155],[1.3239946365356445],[-157.83103179567019]
[-0.485565721988678],[0.9303844571113586],[-29.602783611358443],[-0.09993330389261246],[1.3230184316635132],[-156.65299009104075]
[-0.48688361048698425],[0.911848783493042],[-43.571561636805626],[-0.09984669834375381],[1.3221417665481567],[-155.40577342264618]
[-0.49340420961380005],[0.8993707895278931],[-54.412235139633246],[-0.09764843434095383],[1.3225325345993042],[-152.4601117763867]
[-0.4978715777397156],[0.8892731070518494],[-61.56805763615085],[-0.0933634489774704],[1.3232752084732056],[-148.05150670371623]
[-0.4999902546405792],[0.8824872970581055],[-64.54667273666843],[-0.08835438638925552],[1.3242803812026978],[-143.3677140349257]
[-0.5001558065414429],[0.8803012371063232],[-65.20261706215908],[-0.08308763056993484],[1.326769232749939],[-138.5207758248914]
[-0.5000173449516296],[0.8804206252098083],[-65.28271878135554],[-0.07216566801071167],[1.3370643854141235],[-128.26197937195636]
[-0.49946507811546326],[0.8814888596534729],[-65.45695537173248],[-0.06338933855295181],[1.3474743366241455],[-119.33387333753288]
[-0.49917638301849365],[0.8819230794906616],[-65.2946948233967],[-0.057083360850811005],[1.3584717512130737],[-111.210103024354]
[-0.49878397583961487],[0.8828816413879395],[-65.19656557111868],[-0.054605960845947266],[1.3672940731048584],[-104.59625825154029]
[-0.49831631779670715],[0.8846919536590576],[-63.99443458762161],[-0.05304768308997154],[1.3787637948989868],[-97.02350983469162]
[-0.4984114170074463],[0.8857342004776001],[-63.72323278646433],[-0.05252600461244583],[1.382994532585144],[-93.68032459895181]
[-0.4987826645374298],[0.8870373368263245],[-62.862966393209206],[-0.052001338452100754],[1.385683298110962],[-92.38529866949004]
[-0.4988567531108856],[0.8876709938049316],[-62.03068865373864],[-0.051436182111501694],[1.384138584136963],[-94.11073852802119]
[-0.4992958903312683],[0.8883662819862366],[-60.45272881531418],[-0.05200920253992081],[1.374467372894287],[-103.55259177672312]
[-0.4995686709880829],[0.8892194628715515],[-59.10723756816558],[-0.05672164633870125],[1.3612158298492432],[-116.04198582378318]
[-0.4993351399898529],[0.890453040599823],[-57.18735133191984],[-0.06534373760223389],[1.3457750082015991],[-131.46514520826838]
[-0.4988689124584198],[0.8920222520828247],[-55.20793057676564],[-0.07414548844099045],[1.3329962491989136],[-142.89849839620584]
[-0.4985395669937134],[0.8936817646026611],[-52.97393972968343],[-0.08532559126615524],[1.3220902681350708],[-152.76281869509447]
[-0.49864697456359863],[0.8948693871498108],[-51.411913557234215],[-0.10056668519973755],[1.3125978708267212],[-163.88051907904057]
[-0.4994170367717743],[0.8960199952125549],[-50.236409246762626],[-0.11785032600164413],[1.3073643445968628],[-175.04512731065145]
[-0.49972283840179443],[0.8967087864875793],[-49.44600817253229],[-0.13299688696861267],[1.3042302131652832],[176.79662593859885]
[-0.5007673501968384],[0.8973479866981506],[-48.133538960429625],[-0.15072070062160492],[1.3047317266464233],[167.3354397766021]
[-0.5018216967582703],[0.8973792195320129],[-47.958984518924545],[-0.16296236217021942],[1.3073064088821411],[161.78826231792172]
[-0.5025765895843506],[0.8974177241325378],[-47.72522522322702],[-0.16782918572425842],[1.3083010911941528],[161.05740429932172]
[-0.5027872920036316],[0.8968246579170227],[-48.19797673691343],[-0.1591499298810959],[1.3036996126174927],[169.98273356315391]
[-0.5025518536567688],[0.8966023325920105],[-48.35304510171803],[-0.15157945454120636],[1.301594614982605],[176.14502976249287]
[-0.5020747184753418],[0.8966057896614075],[-48.29618225305545],[-0.13768699765205383],[1.301286220550537],[-175.28831797659103]
[-0.501636266708374],[0.896612823009491],[-48.36466169466909],[-0.11818587779998779],[1.3024920225143433],[-164.86382034952427]
[-0.5016152858734131],[0.896504282951355],[-48.609280334964566],[-0.0917087122797966],[1.3083759546279907],[-151.5015816455675]
[-0.5016360878944397],[0.8963659405708313],[-48.721980143299945],[-0.07773610204458237],[1.3171217441558838],[-143.45344373799958]
[-0.5017609596252441],[0.8963212966918945],[-48.881340297702565],[-0.06318864971399307],[1.332990050315857],[-132.26541799792886]
[-0.5019938349723816],[0.8963156938552856],[-48.963072208009706],[-0.055068887770175934],[1.345431923866272],[-124.53071582453885]
[-0.5024168491363525],[0.896192193031311],[-49.25132591570097],[-0.048003580421209335],[1.361772060394287],[-117.76447722104173]
[-0.5025599598884583],[0.896090030670166],[-49.43669850089166],[-0.04452642798423767],[1.3727668523788452],[-112.8639024628911]
[-0.5024203658103943],[0.8962123394012451],[-49.326862813481334],[-0.04054159298539162],[1.3832402229309082],[-107.07950637343215]
[-0.5021108388900757],[0.8964213728904724],[-49.116997294715766],[-0.03854665905237198],[1.3890269994735718],[-103.90951371902425]
[-0.5018675327301025],[0.8966814279556274],[-48.861104789150524],[-0.040335241705179214],[1.3895450830459595],[-105.5037018932388]
[-0.5019424557685852],[0.8968889713287354],[-48.78944866571909],[-0.04486672580242157],[1.3845158815383911],[-110.81112640750084]
[-0.5021729469299316],[0.8970094919204712],[-48.93829003357169],[-0.04858837649226189],[1.3740900754928589],[-115.90728825194785]
[-0.5023410320281982],[0.8972365260124207],[-48.82508780347039],[-0.05544199422001839],[1.3561890125274658],[-125.94224829576628]
[-0.5023179054260254],[0.8976120352745056],[-48.48238278722116],[-0.06664931774139404],[1.336047649383545],[-136.95596892847811]
[-0.5022570490837097],[0.8981637358665466],[-48.00302433325578],[-0.07904250919818878],[1.3214435577392578],[-145.5820906325527]
[-0.5010148882865906],[0.899277925491333],[-46.564640961013545],[-0.10244138538837433],[1.2996453046798706],[-157.54185502892605]
[-0.4994535744190216],[0.9007850289344788],[-44.645297276410005],[-0.12013138830661774],[1.285900354385376],[-164.45821648705777]
[-0.4983428418636322],[0.9021981358528137],[-43.24326132948486],[-0.13289225101470947],[1.2779488563537598],[-168.20353589389617]
[-0.4969136118888855],[0.9047971367835999],[-41.61579880168735],[-0.14322364330291748],[1.2728081941604614],[-171.8965187097471]
[-0.49477025866508484],[0.9087854623794556],[-38.26253033683932],[-0.1515032947063446],[1.2695823907852173],[-176.1549401288632]
[-0.4910133481025696],[0.9168379902839661],[-31.356911049892357],[-0.16123542189598083],[1.2665152549743652],[-179.89958238946866]
[-0.4871339797973633],[0.9297805428504944],[-22.40203052336625],[-0.16797827184200287],[1.2640912532806396],[177.92636388331508]
[-0.485786110162735],[0.9492620825767517],[-8.613217355649928],[-0.17349015176296234],[1.2612563371658325],[175.90940429324513]
[-0.48766443133354187],[0.9650111198425293],[3.2356458267077404],[-0.17870311439037323],[1.2600321769714355],[173.53100281747868]
[-0.4917905926704407],[0.980603814125061],[12.725779767044068],[-0.18378952145576477],[1.259391188621521],[171.8566627006472]
[-0.49516236782073975],[0.9902293086051941],[19.345554730724597],[-0.18526645004749298],[1.2581607103347778],[171.95691521137135]
[-0.4962427318096161],[0.9929943084716797],[22.676985082688567],[-0.1834389567375183],[1.2575435638427734],[173.38019803119832]
[-0.491519957780838],[0.9866887927055359],[16.90391540031677],[-0.1767561286687851],[1.2577121257781982],[177.32556175122625]
[-0.4877515137195587],[0.9774223566055298],[10.850325023855374],[-0.1707587093114853],[1.2583293914794922],[-178.4068544859575]
[-0.48367759585380554],[0.9617865681648254],[1.1195033227278715],[-0.15991801023483276],[1.2604999542236328],[-172.20652296191244]
[-0.48327168822288513],[0.9422096610069275],[-11.870246107378282],[-0.1483587771654129],[1.2657514810562134],[-166.33129135761814]
[-0.48765620589256287],[0.923129141330719],[-25.78156785191523],[-0.1372571736574173],[1.2724037170410156],[-162.0155293778155]
[-0.4903392791748047],[0.912204384803772],[-33.802348923495465],[-0.12542228400707245],[1.2766777276992798],[-155.77513541792342]
[-0.49149930477142334],[0.9051699042320251],[-38.967367474408945],[-0.1120421290397644],[1.2866629362106323],[-147.4168198854039]
[-0.4896647334098816],[0.9073905944824219],[-37.97455712370018],[-0.10505970567464828],[1.2987487316131592],[-142.38356309787622]
[-0.4859199523925781],[0.9166051149368286],[-30.91297921483541],[-0.10482224076986313],[1.2979167699813843],[-143.85839789775312]
[-0.48043280839920044],[0.9346568584442139],[-18.370867586262],[-0.11291522532701492],[1.291015863418579],[-150.55042875983932]
[-0.4778207838535309],[0.9543987512588501],[-5.529185075742994],[-0.12388315796852112],[1.282920241355896],[-156.87888508828988]
[-0.48014894127845764],[0.9718078970909119],[7.572177409164227],[-0.13559961318969727],[1.2745380401611328],[-163.06846749588675]
[-0.48193004727363586],[0.9781796336174011],[10.242363508778809],[-0.1462056189775467],[1.267645001411438],[-167.1843991397579]
[-0.4824420213699341],[0.978867769241333],[10.708165106542538],[-0.1525217741727829],[1.263808250427246],[-169.20312764836635]
[-0.48159515857696533],[0.9765399098396301],[9.867055468649124],[-0.15797345340251923],[1.2604900598526],[-170.5870400068986]
[-0.47955602407455444],[0.9723798632621765],[7.513642824806233],[-0.1624164581298828],[1.2588560581207275],[-171.48901131696374]
[-0.4766893982887268],[0.968609631061554],[5.922045830566052],[-0.16332654654979706],[1.257046103477478],[-172.05379457885695]
[-0.47574764490127563],[0.9665782451629639],[5.248585711271096],[-0.15909746289253235],[1.2579631805419922],[-169.67213467149102]
[-0.47555288672447205],[0.9667137861251831],[5.377187682610893],[-0.15680675208568573],[1.2582125663757324],[-168.54535774610207]
[-0.47546303272247314],[0.9665635228157043],[5.599580210091559],[-0.15786169469356537],[1.258037805557251],[-169.38381816147393]
[-0.47378048300743103],[0.9650485515594482],[5.113289758031504],[-0.15851449966430664],[1.258022427558899],[-170.09636235534845]
[-0.4736676812171936],[0.9650835394859314],[5.593853435974471],[-0.15854772925376892],[1.2582148313522339],[-170.4508172588411]
[-0.47362175583839417],[0.965124785900116],[5.529233125250088],[-0.15851837396621704],[1.2582826614379883],[-170.5452700027495]
[-0.4736582934856415],[0.9650437831878662],[5.022395750095855],[-0.15854045748710632],[1.2584178447723389],[-170.64967024848872]
[-0.4729394316673279],[0.9648109078407288],[3.7521705423269203],[-0.15860286355018616],[1.2583352327346802],[-170.59564422112]
[-0.4726804494857788],[0.9649428129196167],[3.8621857243731936],[-0.15946167707443237],[1.2582699060440063],[-170.3853524590942]
[-0.4726528525352478],[0.9650087952613831],[4.068690406044082],[-0.1607254445552826],[1.2580851316452026],[-170.13427898845916]
[-0.472654789686203],[0.9650120735168457],[4.104862101174976],[-0.16255773603916168],[1.2580355405807495],[-170.03772051232178]
[-0.47267183661460876],[0.9650301933288574],[4.144570685945227],[-0.16464732587337494],[1.2581984996795654],[-170.3699757885913]
[-0.47267964482307434],[0.9650447964668274],[4.167619782398296],[-0.16488508880138397],[1.2581321001052856],[-170.5395698035614]
[-0.47276827692985535],[0.9650242924690247],[4.206292117922662],[-0.16467656195163727],[1.258096694946289],[-170.59255592451163]
[-0.47237348556518555],[0.9648700952529907],[4.106548534892194],[-0.1647067666053772],[1.2580974102020264],[-170.60349759089843]
[-0.4727496802806854],[0.9650384783744812],[4.227208719186856],[-0.16469965875148773],[1.2581048011779785],[-170.6360812050186]
[-0.4727596044540405],[0.9650596380233765],[4.254015630807708],[-0.16469579935073853],[1.2581164836883545],[-170.64302882798992]
[-0.47275301814079285],[0.9650517702102661],[4.250365021035293],[-0.16469477117061615],[1.2581262588500977],[-170.67269379369125]
[-0.47274330258369446],[0.9650640487670898],[4.259722567475412],[-0.16466493904590607],[1.2580726146697998],[-170.71027989648377]
[-0.4727221131324768],[0.9650516510009766],[4.272911553416351],[-0.1649204045534134],[1.2581993341445923],[-170.5446790776626]
[-0.4727495312690735],[0.96504807472229],[4.295863841723187],[-0.16478793323040009],[1.2580924034118652],[-170.6396688249018]
[-0.4727475941181183],[0.9650723934173584],[4.29297356781201],[-0.16471651196479797],[1.2581192255020142],[-170.73337172258326]
[-0.4727509915828705],[0.9650818109512329],[4.287204997034886],[-0.16472728550434113],[1.2581228017807007],[-170.75040767616744]
[-0.4727468192577362],[0.965083122253418],[4.294316378988394],[-0.16472724080085754],[1.2581201791763306],[-170.7553082024415]
[-0.4727762043476105],[0.9650388360023499],[4.322645387515067],[-0.16472391784191132],[1.2581236362457275],[-170.76752810776503]
[-0.4727477431297302],[0.965075671672821],[4.297296355084276],[-0.1647282838821411],[1.2581231594085693],[-170.7844820572773]
[-0.4727652370929718],[0.9650595784187317],[4.303045172899593],[-0.16472408175468445],[1.25812828540802],[-170.8014972348494]
[-0.4727568030357361],[0.9650543928146362],[4.327693416647162],[-0.16492527723312378],[1.2581579685211182],[-170.64088522078342]
[-0.4727606475353241],[0.9650498032569885],[4.3278663081131015],[-0.1648147702217102],[1.2580974102020264],[-170.7289364558119]
[-0.47277864813804626],[0.9650402665138245],[4.331055478850165],[-0.16493086516857147],[1.2581454515457153],[-170.65858915111346]
[-0.47276878356933594],[0.9650447368621826],[4.335162682468493],[-0.16494044661521912],[1.2581520080566406],[-170.6699896634581]
[-0.4727589190006256],[0.9650565385818481],[4.333647676568679],[-0.1648237705230713],[1.2581077814102173],[-170.75543987678668]
[-0.4727621376514435],[0.9650716781616211],[4.312024780450902],[-0.16488496959209442],[1.2580198049545288],[-170.76995986350954]
[-0.47278812527656555],[0.965042233467102],[4.336301518069684],[-0.16494815051555634],[1.2582610845565796],[-170.69786440579432]
[-0.4727722406387329],[0.9650541543960571],[4.3378080674577255],[-0.1649421900510788],[1.2583136558532715],[-170.67211593546858]
[-0.4727616608142853],[0.9650553464889526],[4.340085645410961],[-0.16493375599384308],[1.2583115100860596],[-170.67210269371645]
[-0.47275757789611816],[0.9650505781173706],[4.340417695541353],[-0.16493557393550873],[1.2583072185516357],[-170.6738427155428]
[-0.4727541506290436],[0.9650581479072571],[4.340637667480691],[-0.164936363697052],[1.258313775062561],[-170.6831320466348]
[-0.47274506092071533],[0.9650828242301941],[4.31922566909906],[-0.16494616866111755],[1.2583078145980835],[-170.68784883730993]
[-0.4727863669395447],[0.9650431871414185],[4.34178836868633],[-0.16496306657791138],[1.2583099603652954],[-170.69536152997543]
[-0.4727665185928345],[0.9650490283966064],[4.343796977018326],[-0.16484953463077545],[1.2582460641860962],[-170.792078780855]
[-0.4727708399295807],[0.9650618433952332],[4.346922463118295],[-0.1648513525724411],[1.2582460641860962],[-170.7972090601673]
[-0.47277045249938965],[0.9650618433952332],[4.351974247691414],[-0.16496945917606354],[1.2583059072494507],[-170.72513437220326]
[-0.47277161478996277],[0.9650609493255615],[4.352718832889113],[-0.16497021913528442],[1.258299469947815],[-170.73020382875637]
[-0.4727814495563507],[0.9650371074676514],[4.3524008966503684],[-0.16485655307769775],[1.258241891860962],[-170.81439324694014]
[-0.4727896749973297],[0.9650416374206543],[4.353744955809845],[-0.16486598551273346],[1.2582460641860962],[-170.81708700805808]
[-0.4727645218372345],[0.9650620222091675],[4.3551676214439485],[-0.1648576855659485],[1.2582448720932007],[-170.83098354387533]
[-0.4727844297885895],[0.9650483131408691],[4.359380219860706],[-0.16497470438480377],[1.2583073377609253],[-170.75512697050098]
[-0.47278162837028503],[0.9650484919548035],[4.364489064318041],[-0.16497136652469635],[1.2583112716674805],[-170.75760744455175]
[-0.47278985381126404],[0.9650513529777527],[4.367913331146466],[-0.16497588157653809],[1.2583136558532715],[-170.7615486919729]
